date,Pct,50ma,100ma,200ma,MOM_1,MOM_5,Bollinger,MACD,MACD_SIGNAL,MACD_DIFF,cci,adx,trix,atr,RSI,wr_10,Calculated,Anger,Anticipation,Disgust,Fear,Joy,Sadness,Surprise,Trust,y
2011-04-04,0.005177993527510916,38.19587467284362,36.30081697730547,34.29245672319742,0.005177993527510916,0.013707571801571339,0.6230030115442332,0.1696075670017052,0.07590659053529267,0.09370097646641254,104.12945351068352,19.542406900671022,0.023499383932211307,0.7168332101448303,0.5771944649189054,13.74407582938922,-0.5569807374843224,0.019720318732258275,0.03146466060306546,0.008327940647444286,0.026707116440295997,0.017298307716755158,0.019462834295928905,0.010472029258826837,0.0461471904551697,1
2011-04-05,0.005179110919291574,38.2260951271839,36.35301623144217,34.32627899717614,0.005179110919291574,0.01762917813407827,0.7473783357065888,0.21136032354410617,0.10299733713705538,0.10836298640705079,117.11294048025724,23.402935999665978,0.04083331998606339,0.7087651624139852,0.59619000178133,8.481257036094114,-0.7187160793390267,0.01834021422981672,0.03001414870386596,0.007636052623835453,0.02797604366657066,0.015943180700250907,0.016512939915034795,0.009243509459341579,0.04929312388898978,1
2011-04-06,0.02275654787462389,38.276599175858586,36.41910562278412,34.36679036208586,0.02275654787462389,0.031152064141442892,1.210676329600189,0.3125850091549367,0.14491487154063165,0.16767013761430505,209.62422883517883,31.5730705635535,0.06625582435613483,0.7270341808923433,0.6672881762703727,3.122884394955987,-0.5803260416077916,0.017913507640182444,0.03141888156328339,0.007170654811290825,0.025573884810614417,0.017013531436566247,0.015853272619850825,0.010740655098296878,0.051572676418817576,0
2011-04-07,-0.005037783375314353,38.321242064924746,36.4865985226619,34.40396829436661,-0.005037783375314353,0.03374660741084745,0.9147586632217136,0.37227227444031996,0.19038635212056934,0.18188592231975062,165.7172693428011,37.72781130810303,0.09275973269820555,0.7254265464641759,0.6398200347003393,15.815079996131603,-0.5475924117699756,0.017887780440478125,0.031966831267518106,0.007316676749069317,0.02423436088919275,0.01597163417615905,0.017714739557905222,0.011221083493625286,0.04950671107917886,0
2011-04-08,-0.011814345991576491,38.35448912285869,36.54547816283765,34.442371355801335,-0.011814345991576491,0.016023677531891822,0.566239257718729,0.3773256436984269,0.2277742104361409,0.149551433262286,103.88588217215472,37.211678056419544,0.11337116944494119,0.7353164120113779,0.5798426564999263,37.956191990791275,-0.606254572959267,0.017922888888160418,0.030802889512113452,0.007503996215677696,0.02488269381723101,0.016019381958921802,0.01662371762049554,0.010559771635503446,0.044595113931555734,0
2011-04-11,0.0004269854825040831,38.39741496111257,36.60844195865108,34.47499932393829,0.0004269854825040831,0.011221406991794192,0.5210818185351181,0.3783229623227271,0.25788396081345816,0.12043900150926895,82.84920811747776,36.84301144807419,0.1288213676390666,0.7139463787917794,0.5813520596547616,37.16543799096371,-0.613022570352524,0.01995650942202672,0.03202979636884509,0.008524252411801376,0.024886833889543252,0.015106264755452249,0.01735303813864383,0.011685553289187404,0.0502156197337239,0
2011-04-12,-0.004694835680740028,38.42997663889843,36.673143663384366,34.51044446207645,-0.004694835680740028,0.0012881064834755485,0.3720583899592946,0.36007349579038106,0.27832186780884277,0.08175162798153829,38.65845226002946,29.407650555399833,0.1379158124459553,0.7144717630492233,0.5576213850571624,55.46013075780648,-0.5602047883267754,0.01703577406346888,0.030384919237655805,0.007035610805950592,0.022777217674243323,0.015430510059171542,0.018032087379193575,0.009329254722950044,0.04756076786602985,0
2011-04-13,-0.00836192109777223,38.439478673518295,36.730574609578404,34.550403926641245,-0.00836192109777223,-0.02917716204869425,0.12332417172493629,0.3155784753765971,0.28577318932239365,0.02980528605420346,7.797390976433878,22.227029163554118,0.13896432298287303,0.7527021537292788,0.5173082233602881,74.10620920226422,-0.6118729715052047,0.017602421492645272,0.030676400320331962,0.007683880440672795,0.02571149174168837,0.015584132775547354,0.01746743522217381,0.009299361737400603,0.04872256552673536,0
2011-04-14,-0.027675675675689737,38.43551793523549,36.77935309905712,34.58686544680359,-0.027675675675689737,-0.05126582278482006,-0.7615737001547811,0.191480823140175,0.2669147160859499,-0.0754338929457749,-160.28402450768206,25.078685075528906,0.12439319782920878,0.7792154846299733,0.41202463683154067,97.92387543251591,-0.6850187337672512,0.015453361776094425,0.03273076742002635,0.007387254640289015,0.02163748600479514,0.01644034682032733,0.01742993842024888,0.01072187091643524,0.0467367169735608,0
2011-04-15,-0.0017789637536044234,38.430048395708425,36.83496012066321,34.62498601925522,-0.0017789637536044234,-0.04163108454311204,-0.757088906314005,0.08671866609943635,0.23087550608864718,-0.14415683998921083,-156.8446689479782,27.638901369995544,0.10025689090404878,0.7559079790446176,0.4064567508835881,97.97979797978795,-0.6112808548932551,0.016980490322524733,0.035533329316096124,0.007181514273575612,0.02444472453908731,0.02013457638523761,0.017354096706520595,0.011465951623573572,0.049035498153587445,0
2011-04-18,-0.02071730897750812,38.42349407899699,36.89009987332116,34.6602467931723,-0.02071730897750812,-0.06188647033717831,-1.1353469741848803,-0.058571402608436074,0.17298612434923052,-0.2315575269576666,-219.43644379554414,35.80453943643138,0.06415380427123117,0.783390498101145,0.3476430693034001,89.92974238875969,-0.5544542026106608,0.018676446064737423,0.0302917635493059,0.007074743235463162,0.025438551585803344,0.017287517208956358,0.021067391441269866,0.010057787545570946,0.047102972888197155,1
2011-04-19,0.015698362147402056,38.41333296869859,36.94661127481891,34.69632105411692,0.015698362147402056,-0.04266509433964161,-0.7049794447252592,-0.12556287550086154,0.1132763243792121,-0.23883919988007363,-133.2323290883376,37.30688962055896,0.028375545340513498,0.7843473786750632,0.4152579258369878,73.76814988290788,-0.5160588122638885,0.014424397017441257,0.02864409833069068,0.00674458683543402,0.020223414318132942,0.015230525497346237,0.017086362136471262,0.008643187187535465,0.047470826311989935,1
2011-04-20,-0.0020179126138409886,38.39765621197235,37.00786662795497,34.72444435354725,-0.0020179126138409886,-0.03654054054054168,-0.6995166511415298,-0.1826464477641636,0.054091769950536946,-0.23673821771470055,-101.42018166126945,35.36527894708947,-0.005754001827971203,0.7900286133500585,0.4092932224727937,75.87822014050202,-0.478895022841662,0.016448691973228333,0.03197875316440526,0.006643043716256345,0.023910355633936516,0.01736160302349356,0.018225320833800185,0.010943436478468214,0.04757798099819954,1
2011-04-21,0.0026929982046541845,38.39450359290703,37.06671200498534,34.753029276230556,0.0026929982046541845,-0.006448743606849328,-0.5954077368631073,-0.21725980213958707,-0.0001785444674878734,-0.21708125767209918,-80.99508063626234,33.978414180325544,-0.03575774599569301,0.7767323225331257,0.4212173755606559,72.15496368038885,-0.2945403097285326,0.013515998391751877,0.03802422917881561,0.0059336347442864755,0.017871598911474343,0.016900689132321817,0.015353410143396314,0.008320694073750072,0.0459884568317163,1
2011-04-25,-0.001566696508490284,38.38316929332941,37.12921999855409,34.7784495191684,-0.001566696508490284,-0.00623746936956493,-0.5831175354573678,-0.24658609922059327,-0.04946005541810897,-0.1971260438024843,-63.1588905991828,30.582756988651003,-0.06180039686731382,0.7595930640609736,0.415942762108192,71.87499999998435,-0.5540063550592693,0.019763724143689865,0.03155203952362549,0.00792452635091281,0.025710740915254392,0.01818799551104588,0.019512470463462415,0.010496345584920592,0.049595593292791576,1
2011-04-26,0.011432414256881573,38.36303814171129,37.18975588720532,34.804593747606035,0.011432414256881573,0.026387625113741375,-0.3206209370620817,-0.23263004001583454,-0.0860940523376541,-0.14653598767818043,-35.517789700245956,23.101118106574585,-0.07953472801878525,0.754461619442404,0.46819376213292485,58.59374999999615,-0.4374387141537222,0.017184903607102002,0.03281880951212374,0.006677633365578744,0.022846260496026734,0.016687108340806472,0.017224302302343997,0.009100481915461842,0.04685566046103452,1
2011-04-27,0.00842198581559983,38.349781818155634,37.243812887396146,34.82696379107494,0.00842198581559983,0.019034671814848192,-0.13362135580278667,-0.19362021410675112,-0.10759928469147352,-0.0860209294152776,-8.444968206542033,17.494347007645402,-0.08780746978738853,0.7353185984414468,0.5038128514899012,48.697916666665265,-0.516849697245303,0.0200095954566882,0.033427612086620484,0.007866958688469204,0.02592363051384011,0.015991218025037283,0.019257550903701546,0.00961850779861062,0.04612262285164746,0
2011-04-28,0.007692307692314548,38.337724909859155,37.2983055811633,34.851342536665186,0.007692307692314548,0.028949730700172926,0.04055297367983652,-0.13743312540233887,-0.1135660528336466,-0.023867072568692277,26.04725238405419,16.674020101221895,-0.0867129747851164,0.713948409048272,0.5347236012593501,3.3333333333166606,-0.3554763282823794,0.01716528288723613,0.03302705106732736,0.0066494047461864905,0.0224616422413396,0.016538899702915794,0.018840081468918767,0.010559735505344395,0.045038328764216554,0
2011-04-29,-0.004798255179949251,38.30329103821321,37.34849491149721,34.87434097113166,-0.004798255179949251,0.021262309758273368,-0.05873635287732017,-0.1065651813281292,-0.11216587853254313,0.005600697204413932,34.65635852500864,17.02563691560957,-0.08143298803854666,0.7000955401466096,0.5130867458129245,15.662650602416637,-0.43995376037313233,0.014841369812728452,0.03245730609892984,0.006936508175743405,0.020386021535052742,0.017589346257432466,0.01616335534926309,0.00953601632956333,0.0459789180227517,0
2011-05-02,-0.009861932938838747,38.263310793606934,37.40036796553558,34.90152741656872,-0.009861932938838747,0.012777404169463935,-0.2497574943598025,-0.1112744808658519,-0.1119875989992049,0.000713118133352994,25.51617849482,13.064800363141632,-0.07723378251122504,0.7028084456999945,0.47109643186939115,33.73493975901415,-0.495189165226257,0.02318528618933026,0.03327332807676607,0.010033834609765613,0.034362120449105964,0.01843735275549584,0.019991938913201463,0.013336203491726963,0.0501698083165035,0
2011-05-03,0.01637892872950908,38.23274044830851,37.450031452240985,34.93165069488506,0.01637892872950908,0.017730496453890243,0.11151397632212182,-0.06418507747533653,-0.10242709469443122,0.03824201721909469,62.31168819543841,11.688687261613538,-0.06777820703083433,0.7250974709788521,0.538047772887006,6.493506493512522,-0.6720994779366973,0.020059850609310058,0.028014825367938066,0.009268655975747218,0.029402789536918866,0.01272653688988228,0.02314079284346427,0.010318091795621105,0.045532870587580924,0
2011-05-04,-0.009146341463407315,38.22832688242945,37.49158926825301,34.95755763356935,-0.009146341463407315,0.0,-0.06456949574688105,-0.05466102033083331,-0.09287387982171165,0.03821285949087834,78.46133771231331,10.705749331950615,-0.058832754818239866,0.7188354702595052,0.49940750720623295,26.760563380284054,-0.46482356858371715,0.01563429690677492,0.03173769181919325,0.00790143444468305,0.021377495610062615,0.017521239719339013,0.017426063914931636,0.0083877459907429,0.04844970260072934,0
2011-05-05,-0.007252747252743386,38.21921196733851,37.525212968987354,34.987115553710524,-0.007252747252743386,-0.014830970556164225,-0.18539476462662957,-0.068655437686445,-0.08803019139465833,0.01937475370821333,32.17796171757172,13.828475776556314,-0.0531856209421943,0.7106244039490406,0.4707984452280352,46.15384615384168,-0.6291504546424511,0.01853507908321634,0.032016243686125934,0.007642036852523146,0.025005628376729087,0.015238264452694732,0.021189289444779567,0.011934673598274496,0.04720921235517099,0
2011-05-06,-0.0028780163825466998,38.20875059493521,37.55707970669816,35.01225852444708,-0.0028780163825466998,-0.012930089853147031,-0.2185901060743051,-0.0875351945257492,-0.08793119202087651,0.0003959974951273093,13.776006692370373,18.696341966011666,-0.05074536966110379,0.716778862676609,0.4596280341001793,60.946745562083194,-0.6281913074399832,0.022444069768197916,0.030306003662463492,0.008172761354786801,0.03055806962352253,0.014885367141263501,0.021120397746519477,0.011258649630911534,0.04101495129795204,0
2011-05-09,-0.0017761989342980344,38.18410024046835,37.59427507443488,35.03506870046028,-0.0017761989342980344,-0.004869411243928146,-0.23045928495910803,-0.10668200881764989,-0.0916813553802312,-0.015000653437418687,-54.67429749354342,26.24942236482176,-0.050862647768492454,0.7129083117821369,0.45251268498302616,63.4285714286034,-0.47094684816293686,0.018395932758929447,0.031788006036303974,0.007921377935951551,0.02599364870155371,0.017133224968293677,0.02068868702620783,0.010392846279888995,0.04562851378002932,0
2011-05-10,0.004448398576516466,38.16263793341655,37.63798090600383,35.05663707285108,0.004448398576516466,-0.01655052264807777,-0.04114441170526025,-0.1070859895460643,-0.09476228221339783,-0.012323707332666467,4.12411626078219,24.418289956624196,-0.05074229334143762,0.69433703282877,0.4744182603192126,52.00000000001642,-0.5499857590246608,0.018375336332944053,0.033679704992785976,0.007748647207977736,0.02430010793912929,0.016846175298156317,0.018904995430782785,0.009404093679098068,0.04581952348298998,0
2011-05-11,-0.02059344552699649,38.14376142783859,37.67553233982329,35.072807404258654,-0.02059344552699649,-0.027912087912071004,-0.75264799834828,-0.16840535424111636,-0.10949089661894156,-0.0589144576221748,-139.70435347630527,30.202332599103013,-0.05774196514462789,0.7076457535997863,0.3952288851189472,93.87755102037742,-0.3966828848280875,0.017164813485174558,0.0326405542622082,0.006422906983710327,0.023167640874370163,0.015383092569268408,0.01738610166306001,0.00958766061496494,0.04470304242100968,0
2011-05-12,-0.0031652724395448972,38.12904343282505,37.7147635418654,35.08993021926579,-0.0031652724395448972,-0.023909674562773486,-0.8191842382040686,-0.2238953768500309,-0.13237179266515944,-0.09152358418487147,-194.62922534712362,37.290104144259615,-0.06953497110419234,0.703828479800159,0.3848155953272397,78.571428571459,-0.6144022914842364,0.01754422280750493,0.029486358388638396,0.007013968470535818,0.022905093845524586,0.014526103099535694,0.018975926469651336,0.009582366823295035,0.04526189351514767,0
2011-05-13,-0.021320027217042736,38.08404197573543,37.743777566896945,35.10356875214241,-0.021320027217042736,-0.04196269982238521,-1.276805156465105,-0.3277112270177227,-0.1714396795356721,-0.1562715474820506,-214.40247281436638,44.667355801828336,-0.09077630078625479,0.7206588458260761,0.3232352053753806,94.49838187700249,-0.656046184882823,0.019886151817110377,0.03139820498521392,0.007789149372530501,0.02629695334607448,0.016269067119315313,0.01952173141652806,0.010687250628846819,0.043360215769449206,0
2011-05-16,-0.006257242178436262,38.04385470571145,37.76177761097115,35.115783735279315,-0.006257242178436262,-0.046263345195707406,-1.1695476183418774,-0.42337863322318725,-0.22182747027317518,-0.20155116295001207,-180.07674914205285,50.84919913593052,-0.1182682801738992,0.7147138897604989,0.3079895417311816,95.22388059700279,-0.6650669523764693,0.020296686495684647,0.029301176857516334,0.009785863798894194,0.026083712792341986,0.016742202115395243,0.018497057751022995,0.0126033120929806,0.04577471191784359,0
2011-05-17,0.021688432835800908,38.024773551007534,37.777911742946785,35.12623974790479,0.021688432835800908,-0.029893711248893062,-0.589829822561754,-0.4312836927895063,-0.2637187147764414,-0.1675649780130649,-108.75226845443174,47.101345510077984,-0.139964377990359,0.745737931605106,0.41103342036498314,65.78171091445583,-0.6003862150463424,0.01584313160798908,0.03132175140316216,0.00658673910225108,0.023662985104715054,0.014829875905526651,0.0181590397940226,0.009458066908087192,0.04632108620503899,0
2011-05-18,0.006162976489402228,37.990033317747816,37.796977050110804,35.14015822633532,0.006162976489402228,-0.0033913633280608924,-0.4020559936733575,-0.4144973991127898,-0.29387445164371107,-0.12062294746907876,-61.52852688637491,41.483599584657185,-0.15411978873544543,0.7421952271439558,0.43723353828940614,53.267973856192064,-0.643071263024187,0.016033638329859004,0.0325203671730457,0.00810747652886225,0.025134478184015277,0.01615328370193707,0.018823948063854325,0.010402574495048797,0.04678448066367771,0
2011-05-19,-0.0018148820326856496,37.95128161597685,37.81045503311791,35.152867394405035,-0.0018148820326856496,-0.0020412792016295533,-0.4248746576932931,-0.40197466152361017,-0.3154944936196909,-0.08648016790391927,-43.06253967962163,35.96602340282777,-0.16290175068612625,0.725126552699959,0.43111404209311227,55.88235294118458,-0.5492758758714089,0.01943084464874691,0.03274624594401835,0.008192006616169856,0.024769807689307657,0.017405357980222004,0.019780670814916038,0.010642686314617797,0.04688044650822091,0
2011-05-20,-0.01977272727272872,37.915121116342796,37.817136093610735,35.16201133859792,-0.01977272727272872,-0.0004634994206372811,-0.8188796883023963,-0.44579130022715674,-0.3415538549411841,-0.10423744528597262,-81.94383436392029,36.972017670140765,-0.17430236546425096,0.7332405828556047,0.37040024245765124,83.15789473684487,-0.5759828756467239,0.020584742055332266,0.03221759791826029,0.00856799865604614,0.02758268320300645,0.0179619441373734,0.01877831401643187,0.011253813593374627,0.046626390445970896,0
2011-05-23,-0.013447716206817506,37.86572769602639,37.82103575821238,35.17217666031514,-0.013447716206817506,-0.007695895522411456,-0.9597628482921483,-0.5138462049411316,-0.37601232494117365,-0.137833879999958,-134.89417570148933,41.75438585391432,-0.19066328140446523,0.7305905461622755,0.3363884340656911,92.18750000002859,-0.6335739053405214,0.018571518775279308,0.03118242709330051,0.006849766829249611,0.02477895664795908,0.014872535540251376,0.02051280928277191,0.00977727439117311,0.04296773321696895,1
2011-05-24,-0.00493537015274359,37.820152796531914,37.82425736719562,35.18404117588938,-0.00493537015274359,-0.033553983108865815,-0.9064762393740212,-0.5753601794962648,-0.41588189585219193,-0.1594782836440729,-140.41827404465926,47.46040955514435,-0.21006920922869998,0.7520933113722561,0.3247606269972492,80.56801195812851,-0.5558242750541231,0.018902717585019987,0.03209620445941583,0.008695357257165985,0.02576144622270704,0.014618936207460465,0.018806573552010535,0.009185992226126594,0.047411129707594465,0
2011-05-25,-0.001653282947579937,37.78491595430064,37.82530864010047,35.198316822998876,-0.001653282947579937,-0.04106170598912495,-0.8202495234855022,-0.6216815450673465,-0.45704182569522295,-0.16463971937212357,-115.78040081435094,51.536140770308656,-0.22997209997414106,0.7373130701078805,0.3207802173692967,78.19548872180464,-0.5240923607952531,0.01785022957027095,0.03132398995994653,0.00798803140048005,0.024263413899190595,0.016004092133712844,0.018711958289233433,0.010483392128938927,0.045296652935305305,0
2011-05-26,0.004258339247685816,37.76604607353604,37.818203578595146,35.21917279525816,0.004258339247685816,-0.035227272727277104,-0.6740400130038334,-0.6388453215869987,-0.49340252487357816,-0.14544279671342053,-102.80208720015176,54.44737735256888,-0.24669229151669067,0.7140031549352458,0.34307679208907077,71.42857142858412,-0.650210822953887,0.018327362142981297,0.03206900346994826,0.007877418986081857,0.025318199339298818,0.015632610434903008,0.018486816328291147,0.009005899813935677,0.0470804771018899,0
2011-05-27,0.00800942285041395,37.740366172665816,37.80870051784932,35.24128815444695,0.00800942285041395,-0.007883143983307694,-0.48460837582209004,-0.6222641664180628,-0.5191748531824751,-0.10308931323558768,-54.37358003048814,47.457961561919106,-0.25681356230183044,0.7049390783267283,0.38419748084618016,58.64661654136463,-0.5450620659634936,0.019220555828439498,0.032153043307790174,0.008712143199522512,0.022167619211193652,0.01724129155248344,0.017167337538797255,0.009331195202396073,0.0457618551617224,0
2011-05-31,0.010516475812115011,37.70254712940275,37.79846690940991,35.26658056681954,0.010516475812115011,0.016216216216225154,-0.2593083670209783,-0.5720738991228558,-0.5297546623705512,-0.042319236752304534,-12.751577441856307,39.30521238373451,-0.25770779949975814,0.6911306452088188,0.43463918598089274,41.72932330826827,-0.5540625336591877,0.01806274206201578,0.03293574791083639,0.00812505975521465,0.02754951109100484,0.01677263124006142,0.01965488132578208,0.010923516865956034,0.0491576629174353,0
2011-06-01,-0.03422756706752195,37.64173717541237,37.77765549027141,35.284875829071055,-0.03422756706752195,-0.013698630136987022,-0.8254168723930115,-0.625253560024035,-0.548854441901248,-0.07639911812278699,-110.55560582105561,40.60423875858813,-0.26412398663332426,0.7322264342701891,0.33689747469749504,97.36842105261144,-0.5673719238247863,0.016223588043891363,0.03086084654079558,0.0074899496794816,0.02416572711877043,0.015709449630145388,0.02006742002497421,0.009586570416763316,0.04659237088884158,0
2011-06-02,-0.003591954022991617,37.58108056424877,37.76259345501807,35.30341587026227,-0.003591954022991617,-0.015613910574867274,-0.8086505625419933,-0.6698291412269555,-0.5730493817663895,-0.09677975946056594,-153.2575931976468,45.30040732978212,-0.2738402511293522,0.7619995800783899,0.32882638915311163,77.84090909090318,-0.6175021910396816,0.01807747300278073,0.03079716536543068,0.006990021016185156,0.02358072393329625,0.015268690736956641,0.018253429680894596,0.009996578323913083,0.04755358570964461,0
2011-06-03,-0.0009613073780293524,37.51758399640723,37.749198064388345,35.320082135048736,-0.0009613073780293524,-0.020730270906928694,-0.7493694957991046,-0.699795916149327,-0.5983986886429771,-0.10139722750634994,-122.04089289061032,47.9892244164064,-0.28436222381962173,0.7815583867853622,0.32657952629519843,77.30061349691675,-0.6591568354857275,0.018207524159460264,0.031663079324289085,0.009263408236679383,0.02650958600709412,0.017084310389940228,0.019955963196718787,0.010441492112411195,0.044386248694397126,0
2011-06-06,-0.02501804185712453,37.43447301239018,37.72541150997523,35.335799103985366,-0.02501804185712453,-0.05281607852301662,-1.0436291308519086,-0.7848822194756977,-0.6356953948095212,-0.1491868246661765,-170.68645924291945,52.25013651802027,-0.3023400243440871,0.7976233284331933,0.27413173053591905,94.68438538208548,-0.6143912494519593,0.018783320619156506,0.031853976424733074,0.008694693537037949,0.026297351680498265,0.017011985730408602,0.018663942344338064,0.010609980639951904,0.05215752008617071,1
2011-06-07,0.004687885516899248,37.35238019737962,37.693958660326636,35.35202158602453,0.004687885516899248,-0.0582793709528292,-0.8645891517886826,-0.8298884824685544,-0.6745340123413279,-0.15535447012722647,-132.5183121840711,54.26284616593226,-0.3211782513032431,0.7873790850026794,0.2963643714072889,88.37209302328259,-0.543027019289356,0.017002413098268512,0.03219313662124975,0.007046361424720018,0.023311882564485197,0.016208037551500635,0.015582971552688707,0.008944136917986744,0.049695318902378605,1
2011-06-08,-0.008104125736734136,37.26308336589022,37.66190700315897,35.36794204898572,-0.008104125736734136,-0.032806513409973426,-0.9142637546235876,-0.8777715841239484,-0.7151815266978521,-0.16259005742609633,-135.34638639319314,57.34147979545804,-0.3410426633322196,0.7832583637985595,0.28030567969740644,94.02515723270643,-0.5367128138375179,0.016839728516974725,0.027762005372345473,0.007717622671222594,0.021555161631826112,0.015270945758551153,0.01869141300047509,0.009360362277527113,0.04727031325015539,1
2011-06-09,0.014607576132713351,37.18268239859762,37.630966388400424,35.38912465036316,0.014607576132713351,-0.015140591204039322,-0.6078352312704043,-0.8658088008582041,-0.7453069815299226,-0.12050181932828152,-87.89224137930384,56.80838729742749,-0.3542506020628334,0.778233804144948,0.34829744930199186,75.4716981132003,-0.6733273344870384,0.017601052422755795,0.030052426039339095,0.00699776268503176,0.024207248819143143,0.01591732118453896,0.018062074555232458,0.009631381686360825,0.046848753444472716,0
2011-06-10,0.0017081503172120538,37.09628133063788,37.601947635600006,35.41051758371792,0.0017081503172120538,-0.01250902092857653,-0.5279625927111277,-0.8418860155811103,-0.7646227883401602,-0.07726322724095014,-78.41602754737829,58.30412692098598,-0.3607767638367755,0.8065179727653806,0.35607024892377337,71.03658536586457,-0.5838115277482359,0.0162765557732664,0.029205836811423563,0.007322815455490254,0.022922327401110904,0.01565945593535647,0.0178613660646305,0.009296494010620377,0.050505780338327665,0
2011-06-13,0.015103532277735088,37.02611998452289,37.58680487843598,35.43700719021155,0.015103532277735088,0.028127313101425466,-0.22885762016572297,-0.7720668108590232,-0.7661115928439328,-0.005955218015090358,-26.967729706660602,54.272759939289045,-0.356361467077341,0.814809208451282,0.4218438382829933,52.134146341443476,-0.5752095666571416,0.019198092013911112,0.029939406176842733,0.007409291388741391,0.024678342088567156,0.01623654701478305,0.01777766056993339,0.009490229699392746,0.04972463535514326,0
2011-06-14,-0.0015598752100073332,36.950697186428954,37.56244103814614,35.45918799013961,-0.0015598752100073332,0.021733791748522746,-0.2304038013748752,-0.7129156065065843,-0.7554723955764632,0.04255678906987892,17.859707124858335,43.25272457803959,-0.34481294313751903,0.8141209832679045,0.41703443365073495,47.92387543253645,-0.6288222621562103,0.018937803751528884,0.03132675124437982,0.007880908420219096,0.02901309283312935,0.01628158330574842,0.0191055114613219,0.00974806832843449,0.0509638714274393,0
2011-06-15,-0.022232904698945788,36.855753745672615,37.52581420925814,35.48061048620478,-0.022232904698945788,0.007179995048279819,-0.5843251482815724,-0.7203363513111896,-0.7484451867234085,0.02810883541221898,-76.74031836542129,42.88227873369127,-0.3362178001718063,0.8371458866745544,0.35500629840751796,75.2136752136802,-0.6582124508316116,0.019115180263824433,0.031115740042198376,0.008200587014996524,0.026859617604191817,0.015730978580280816,0.019977456442891776,0.009627441559835163,0.047886272568928225,1
2011-06-16,-0.007866273352988395,36.75141660759763,37.488755867390786,35.498568888380916,-0.007866273352988395,-0.015129331381157463,-0.6836321043897223,-0.7393515002312085,-0.7466264494249686,0.007274949193760039,-111.46890677865495,44.913571148857294,-0.33151569143807447,0.8378576236713008,0.33636726190554,75.91240875910262,-0.7033642059296065,0.018329661759293236,0.029810683655287717,0.008470817966789376,0.025592730039455225,0.013635817201275258,0.018215551655477405,0.009601005955435771,0.04570406564525013,0
2011-06-17,0.010901883052530703,36.63667930463416,37.45663924024639,35.512630227693286,0.010901883052530703,-0.00609013398292424,-0.4468455205108654,-0.7163848133410866,-0.7405781222081923,0.02419330886710569,-49.94895065229284,42.41016868792725,-0.324600213940452,0.8199467992958506,0.38423979420508003,59.85401459851919,-0.661965738823345,0.018484809189931457,0.03242988729062389,0.008355257817884432,0.025448266589461557,0.014866210150380886,0.018331915429593233,0.00933408371476441,0.04226825951161113,0
2011-06-20,-0.007843137254920363,36.52060004491085,37.42092105491782,35.52360196790413,-0.007843137254920363,-0.028557715382788507,-0.5720089666780106,-0.7116371771780976,-0.7347899332021735,0.02315275602407585,-84.17753808032832,42.6886703423627,-0.3183591455368011,0.8027162316794327,0.36369159137823703,71.5328467153308,-0.5923471780412172,0.01967417853817241,0.029744520413235425,0.008826057635875927,0.027478377927498437,0.01593873228251017,0.018768731726334816,0.010288941953938917,0.04624272123867199,0
2011-06-21,0.010622529644266354,36.42112750009017,37.38780831147445,35.53217429878444,0.010622529644266354,-0.016704722990023124,-0.2917943138142084,-0.6710378231294314,-0.7220395111876251,0.05100168805819372,-30.17203900379658,38.151575142100796,-0.3081264402035484,0.8040899662296164,0.4093972653152162,55.8394160584058,-0.5489309279599278,0.019266584685266746,0.03391359992023611,0.008580113024604364,0.026415285119734615,0.01938080706798065,0.020221885457739314,0.011371581265257938,0.05070198113615115,0
2011-06-22,-0.005377658274247965,36.317629084990074,37.35752202305134,35.54352737173556,-0.005377658274247965,0.0002458210422873197,-0.3785876492994469,-0.6463015264608885,-0.7068919142422778,0.060590387781389365,-3.469249831022233,31.759019248690404,-0.29689233125462533,0.8095591917577866,0.3938114439030904,63.86861313867587,-0.6336650717093013,0.02035439175523584,0.033530789165914135,0.008485610498463398,0.026039700067753725,0.0170691239228134,0.019989759571035645,0.011091885742809556,0.05142360835022268,0
2011-06-23,-0.015237159007122969,36.20742088609093,37.3186987624947,35.54878511878111,-0.015237159007122969,-0.007185332011893419,-0.67019235969644,-0.6610381166438231,-0.6977211547225869,0.03668303807876383,-186.70465337129428,32.56978647501349,-0.29004564800008,0.8158359339980161,0.35302263675492784,84.04255319147855,-0.6083512203556205,0.019576364351831486,0.03211463888061578,0.007220989623121041,0.025910135480924912,0.016863943179566344,0.021645743648325846,0.010176452342619366,0.04729483877762065,1
2011-06-24,-0.014474669328675582,36.094025539887255,37.26675210670279,35.547532737068835,-0.014474669328675582,-0.03210784313725956,-0.890167902249565,-0.7038565523867604,-0.6989482342554216,-0.00490831813133874,-178.8025962066338,34.105657452298594,-0.2903155405191334,0.8018944388132289,0.3196668449443909,98.333333333332,-0.6334425663242156,0.02119560290042781,0.033131224625130136,0.009168667797186796,0.027466863186672463,0.01779924578832699,0.020509047906576355,0.00992564630401926,0.049501381616766475,1
2011-06-27,0.009875917953914959,36.008643541044556,37.222080738140036,35.54933062324373,0.009875917953914959,-0.014822134387335706,-0.631396527721646,-0.703288998922595,-0.6998163871888564,-0.0034726117337385842,-129.62177982993487,35.82049604092996,-0.29054176352732236,0.7913451160698557,0.3632350010883924,82.31511254018072,-0.6596423849239689,0.021118297669937457,0.03229160458069525,0.009582370195164428,0.027948808304634837,0.01599205692673297,0.022064708426091116,0.009955911253361316,0.05024693358257508,1
2011-06-28,-0.008525576730191942,35.91890018273247,37.17447428922046,35.54404364801671,-0.008525576730191942,-0.03348814470787875,-0.8780113371080119,-0.7175779149411525,-0.7033686927393157,-0.014209222201836846,-122.15322250252237,37.59035784896183,-0.29267671029177017,0.7845447555755801,0.3426345070043334,86.89956331876911,-0.6666093767618748,0.019404691591422184,0.034350133468170854,0.007818788757506231,0.024722509084041878,0.015952372021486378,0.01999447949366202,0.010621959764613375,0.049421242106336756,1
2011-06-29,0.023014668689930184,35.86002182989595,37.14175795444648,35.54423728360323,0.023014668689930184,-0.005898255099532457,-0.17441132787908142,-0.6597103333041687,-0.6946370208522864,0.034926687548117674,-28.998095238074924,32.09003033801501,-0.28689880710759225,0.7896128040613958,0.4349955764813004,47.16157205241063,-0.5272410758621975,0.019754211354981007,0.03564730601142308,0.007942226620878649,0.025615637834278348,0.01978307578052766,0.019886090053126675,0.011943852513567584,0.05349305768313088,1
2011-06-30,0.012113720642773718,35.79778690771397,37.10555993820629,35.54540391664761,0.012113720642773718,0.02171200399301343,0.24710714947544513,-0.5740701466980909,-0.6705236460214473,0.09645349932335645,34.11247396438364,23.3218780488125,-0.2713405280012178,0.7751480382295103,0.4775610046943137,25.7641921397438,-0.7190506325633439,0.026796204431442767,0.03317390688148103,0.010200986350814636,0.03409104487770883,0.017492478756458048,0.020608357744248677,0.011953956707342698,0.05449069865370754,1
2011-07-01,0.021739130434766718,35.751992633285546,37.074824422628964,35.55026125639825,0.021739130434766718,0.05925550772346,0.9341755081716236,-0.44088408277375635,-0.6245957333719092,0.18371165059815286,133.72559541868523,24.20654944567307,-0.24199025450963232,0.781536796919974,0.5446604786577027,5.157448277596692,-0.7872791803000248,0.0240623830809497,0.031608562498387,0.010750335786358213,0.029605738107350253,0.017616759753149944,0.02433559296501445,0.011032455096023658,0.04956724356434887,0
2011-07-05,-0.013227513227493382,35.69490399989755,37.0447037964023,35.556668019664876,-0.013227513227493382,0.03502239522801642,0.4549739763479505,-0.36853163102887265,-0.5733829129033019,0.20485128187442925,120.79104766764927,24.83845758628776,-0.21002401016850747,0.7624768213616187,0.5015339399303954,25.418852225129108,-0.7668579798324788,0.02648080793676064,0.025301290352894915,0.008972290443398956,0.038282259433160944,0.011342456107927728,0.025829462428656476,0.01012282413534477,0.04480286519123067,0
2011-07-06,-0.011455032902753626,35.631058180137366,37.0071137367334,35.55638994318738,-0.011455032902753626,0.031964270204033696,0.08461954155626074,-0.33928065438455235,-0.526562461199552,0.18728180681499962,26.660894843700305,18.48646714805084,-0.18187105184192176,0.7592428292313603,0.46747018576380994,42.733142871228004,-0.7811653745034284,0.024413734234767323,0.03509171456387702,0.009806243460273404,0.0320039730034096,0.018286477247246274,0.027253541242314813,0.013364823231235681,0.05098716346837826,0
2011-07-07,0.01873767258381176,35.571482626220906,36.967260383966114,35.5618148086735,0.01873767258381176,0.02764985781054552,0.6092210451001104,-0.26134197217030675,-0.4735183633937029,0.21217639122339615,128.11984214835408,20.567540844608526,-0.15041187417041965,0.7791420511594062,0.5237934671182533,16.879027099886894,-0.8907730949184316,0.029144339345545535,0.026802032683062298,0.010187207169514548,0.038504738884965035,0.013473875812124853,0.024250571175722657,0.01054914404503664,0.047169227680139446,0
2011-07-08,-0.01403678606002079,35.49574509439438,36.92276345627502,35.567497437910845,-0.01403678606002079,0.0010979358805338624,0.172709297242042,-0.23633983861980568,-0.4260826584389235,0.18974281981911784,45.43012844575054,17.335566213802444,-0.12353174366974244,0.7692934767461631,0.4819041063591054,37.70846479762257,-0.7128697288976421,0.023371015057185456,0.031000878945524755,0.01047705040288141,0.03131571796195324,0.014833808890863625,0.023103245265740004,0.01096945800699435,0.04456320369919218,0
2011-07-11,-0.03215513009326876,35.392029837736324,36.86487737379776,35.57114868582979,-0.03215513009326876,-0.0517075517075416,-0.7198095722683703,-0.30223266918807923,-0.40131266058875464,0.09907999140067542,-77.16071143699729,17.938944406227773,-0.11235942114852013,0.8017339721658655,0.4034279650480268,84.7542637355988,-0.7224475501228192,0.01917507480555187,0.03436309489420627,0.00717862839383456,0.02656341871345099,0.01704896291425478,0.02086252714246512,0.00878506746408541,0.051546394132232096,1
2011-07-12,-0.0010144559979607948,35.2913299495263,36.79731049386978,35.57191609337892,-0.0010144559979607948,-0.03997075310748155,-0.6781644840569255,-0.35310621741468395,-0.3916713719539406,0.03856515453925663,-71.69114204785596,18.641358423118806,-0.11140944843247864,0.7975039674105893,0.4012791600850622,86.19077668025554,-0.7476802202485444,0.019764927987692082,0.034258100717140104,0.009649707341611805,0.02739211432990023,0.015879901422662986,0.021706947591952252,0.009997694510082176,0.05219849515835444,1
2011-07-13,0.005839045443006841,35.2020598907785,36.732685342192745,35.57645213987346,0.005839045443006841,-0.023175542406310368,-0.46906256902826127,-0.3734593488363629,-0.3880289673304251,0.014569618494062186,-42.859705079620646,16.951665317936172,-0.11428949382032393,0.7996030044364041,0.4203959487575431,85.09803921565289,-0.5976680842729872,0.01953398479246156,0.032542556250387954,0.007460426227188828,0.026737886197291515,0.015018424542192899,0.021320163548133497,0.009414144334395207,0.0456716075887542,1
2011-07-14,0.018425037859659543,35.1126957127089,36.67271808050874,35.58460886845991,0.018425037859659543,-0.023475314617610432,0.07496345405747624,-0.33601405184677446,-0.377625984233695,0.041611932386920514,37.436690128751636,15.032526156269048,-0.11238889089189284,0.8401242611858752,0.4774276940290339,56.47058823527453,-0.7219028796337693,0.022998992611726488,0.03246153257075417,0.008334461842157064,0.02912521447368567,0.01657525904451011,0.0229482425264018,0.01013990409586254,0.05023194522125848,1
2011-07-15,-0.009169764560094218,35.024132940694905,36.626229911562206,35.593451599038076,-0.009169764560094218,-0.01865488463425169,-0.19372614435737226,-0.32775166104110554,-0.36765111959517716,0.03989945855407162,-27.053802425210066,13.35290041461701,-0.11060603875619653,0.8554516176911701,0.4530924544271678,70.98039215683417,-0.62560487076254,0.019643036087714037,0.029653598351228286,0.008371200860639215,0.027031442829700915,0.015339315318371701,0.021113733373769365,0.009384860098752425,0.04482719193949425,1
2011-07-18,-0.003751875937990201,34.93857444290967,36.57889320512411,35.60311787388299,-0.003751875937990201,0.01014455997969832,-0.27708086238944146,-0.32763955919465104,-0.359648807515072,0.03200924832042096,-83.50901643602805,15.468400348850482,-0.10995442019441978,0.8588357455657295,0.44322896971102843,68.53146853149129,-0.6471219907841599,0.01895153050309777,0.03070754517816879,0.008642817325216436,0.026369776159169533,0.015475259037606522,0.020097158977787976,0.008208164698337678,0.048901816457420505,1
2011-07-19,0.014059753954312137,34.86464680183937,36.53669869838731,35.612025903077026,0.014059753954312137,0.02538715410000858,0.13009464828584114,-0.2861249323658228,-0.3449440324852222,0.05881910011939939,-22.89190152778888,13.09989178883174,-0.10461831708093315,0.8445001441261059,0.48803773237228426,48.95104895105939,-0.5370366885656018,0.017976537816749974,0.032040101306466284,0.007412592351542384,0.024585901938956926,0.015999965604053496,0.020378606985645725,0.01009118878012066,0.04583420203204543,1
2011-07-20,0.014112404060414807,34.80168004766951,36.49289014406896,35.62254806469926,0.014112404060414807,0.03382130237252512,0.5284696067168875,-0.21197244147049332,-0.31834971428227643,0.10637727281178311,66.42150261367458,13.012698843753585,-0.09127668630185541,0.8423382765988843,0.5295407649771697,29.020979020980498,-0.5604125263395088,0.018774901965065732,0.034137627679163736,0.008708163499221794,0.027030872556989712,0.017563980143363276,0.018425302353448,0.009823779556043681,0.04954522420255183,0
2011-07-21,0.032470703124989564,34.757802571928224,36.460220252672414,35.63580645654239,0.032470703124989564,0.048079306071853845,1.184024809058057,-0.0619392129193983,-0.2670676140097008,0.2051284010903025,153.66307177390132,18.656753857594435,-0.061630721585515295,0.8779989443329639,0.6091576165071315,7.182320442014138,-0.6608871077235533,0.02053475006776337,0.033630379919970504,0.00792885162948089,0.026932288664091492,0.015440412606050507,0.022535894251496134,0.010210581331584975,0.04646148210838876,0
2011-07-22,-0.002364625206880744,34.72783781191608,36.435799619877365,35.647559702855794,-0.002364625206880744,0.0552776388194125,0.9508065754316447,0.049583153058343044,-0.20373746059609202,0.25332061365443503,143.41698178072534,22.688221724623617,-0.024630573780298853,0.8490353660958233,0.6009231591405687,9.944751381212589,-0.5590101927041522,0.018578175165647973,0.03614119610790389,0.008464639971990161,0.024913145282690726,0.01858056039950441,0.01838925464136325,0.01260941311578057,0.05037377557154456,0
2011-07-25,-0.011851149561527885,34.69178381821552,36.41041362552031,35.658786764660654,-0.011851149561527885,0.04669846849109072,0.6158508154762389,0.10273869951506498,-0.14244222857386063,0.2451809280889256,91.5195504565637,21.50582888835074,0.010062124156593766,0.8426320700624078,0.5601508775437236,23.75690607736884,-0.6121084137460485,0.019415500317441128,0.03221784463723282,0.008634599230920437,0.02725218354918907,0.015527609064476457,0.022729533316913846,0.01028262517671595,0.046859184107169556,0
2011-07-26,-0.005996641880542941,34.66727898743364,36.37566048158456,35.66983406210577,-0.005996641880542941,0.025996533795494825,0.43374104205877023,0.12638673331814942,-0.0886764361954586,0.21506316951360804,68.60821581851708,20.66126257672726,0.03883878685212095,0.8125785579796646,0.5404074702503372,30.66298342543045,-0.5011663402667602,0.015532265871085598,0.034360879196750564,0.00688798192118235,0.023176333326350093,0.017079966018564714,0.018839616499345523,0.00973260257143709,0.049715203917564656,0
2011-07-27,-0.0185810810810646,34.63430926736826,36.33908198653989,35.675882975428884,-0.0185810810810646,-0.007080078124986122,-0.02820661559491174,0.0916461967813973,-0.05261190960008742,0.14425810638148473,19.482888102160516,15.390440353772032,0.05511273324698828,0.8057658703766171,0.4838414581226975,51.9337016574552,-0.6168213301263747,0.0179033230818306,0.036778046095442406,0.007338331680320658,0.027310252339000172,0.01864488692830235,0.023034653930198722,0.012856542160126857,0.04831671658601862,0
2011-07-28,0.0002458814851216129,34.5859080531305,36.30534080206905,35.67918259257549,0.0002458814851216129,-0.03807046583114504,-0.036518764163136146,0.06405651612548269,-0.029278224454973394,0.09333474058045609,15.166985747704876,11.625567337375443,0.06265923180913976,0.7855779365726441,0.484595987185034,51.65745856353547,-0.5914905494979624,0.020185528015957598,0.03610406586955744,0.008991760206954398,0.027461498505537224,0.01551778092954611,0.024077919146760034,0.010248735950485284,0.04604195959268228,0
2011-07-29,-0.005653883972468909,34.52909641214006,36.25956486494396,35.68384506009673,-0.005653883972468909,-0.041242000474049134,-0.1647686649008582,0.026229621514289647,-0.018176655261120785,0.04440627677541043,-34.72150814052784,14.341045572683903,0.0621478520334308,0.7806938647843839,0.46766281922433606,58.01104972375739,-0.6593957671810734,0.024517110644960097,0.03218117182254549,0.009333845378495093,0.028663994844001044,0.0164892723077783,0.02521114260877222,0.01084158033503366,0.044740055653338835,0
2011-08-01,-0.0002472187886253252,34.47345797474908,36.212369795362996,35.693131701421315,-0.0002472187886253252,-0.02998320940271515,-0.1407367020339004,-0.004378836971866917,-0.015417091603270011,0.011038254631403094,-22.519594723747336,10.70115209762556,0.05648121792225425,0.809909287339142,0.46689891639952263,74.29577464786324,-0.7021594808714008,0.019237037916243843,0.034753694558599654,0.00770006573815193,0.0234412171713728,0.01766294317011068,0.02041970916556742,0.011656412586389341,0.049059809135867966,0
2011-08-02,-0.014836795252251012,34.42228812749928,36.16870462192106,35.706428285060696,-0.014836795252251012,-0.03861003861004819,-0.4592357763663802,-0.06869529339982705,-0.026072731962581423,-0.04262256143724563,-87.42890762898193,9.078265050134904,0.04247638471366476,0.788220015463918,0.422324331301507,100.0,0.0,0.0,0.0,0.0,0.0,0.0,0.0,0.0,0.0,0
2011-08-03,0.0015060240963999938,34.38185998572026,36.12379384087335,35.71560328397804,0.0015060240963999938,-0.018932874354573137,-0.39691388638294284,-0.11426428997258142,-0.04371104356458143,-0.070553246408,-99.49009842286522,11.770672368129846,0.02470907696102501,0.7726001512322809,0.42820316096666206,82.68330733228774,0.0,0.0,0.0,0.0,0.0,0.0,0.0,0.0,0.0,0
2011-08-04,-0.049624060150378235,34.3115413546841,36.065847075608026,35.71854986276788,-0.049624060150378235,-0.0678466076696278,-1.2167717271071528,-0.28193606475857536,-0.09135604780338023,-0.1905800169551951,-186.08502473997893,21.502409089626536,-0.01203066765196776,0.8427739166986894,0.31447047396374855,97.77777777777425,-0.8781611369012274,0.017555369210279684,0.03764304740294974,0.010417797069994574,0.027973166280274256,0.01764539042075667,0.025530878508360874,0.01098567059635969,0.059695161051645046,0
2011-08-05,-0.008438818565409067,34.2369968346812,36.01095639449093,35.718438194437056,-0.008438818565409067,-0.07045735475897985,-1.108948144946563,-0.4316287581811622,-0.15941058987893664,-0.27221816830222556,-200.67975189054292,31.83067525444859,-0.06075777231143563,0.9049218210538542,0.30057547727415523,83.04431599230338,-0.7408601220560492,0.020775093742529865,0.028446901675702466,0.008209134531593902,0.029067302844968543,0.014638743961055406,0.02143363350823051,0.010260313730948262,0.04777102493278434,0
2011-08-08,-0.09414893617020581,34.0996942932007,35.93287018336839,35.70505842930472,-0.09414893617020581,-0.15776458951534356,-1.6213809441167797,-0.7822642052858413,-0.28398131296031764,-0.49828289232552364,-241.2374697545657,44.162945889105806,-0.14522640028898431,1.0831685610705792,0.19691779350810934,95.43209876543429,-0.7153988121361864,0.022498444027583275,0.029021225520838387,0.007563478155405393,0.03135004390238069,0.015972320575771776,0.024612514917899595,0.009221119125385637,0.05064975597954371,1
2011-08-09,0.0687022900763361,33.99617667501566,35.86827142384075,35.701550724053554,0.0687022900763361,-0.08634538152609383,-0.8617697842961455,-0.8905609454514973,-0.4052972394585536,-0.4852637059929437,-160.86435430399072,52.97171062814668,-0.22470981704724807,1.1805854639816094,0.3552111688499487,64.85084306096286,-0.7654299488806761,0.021837959758646032,0.03065572343157324,0.007298242413160568,0.02843955686696714,0.01611336705581555,0.021626290762082813,0.010422810002587888,0.04767595336808272,0
2011-08-10,-0.05576923076921958,33.85085365850328,35.776700393953035,35.692103624591574,-0.05576923076921958,-0.1385964912280624,-1.1123202804021093,-1.1018971504045965,-0.5446172216477623,-0.5572799287568342,-143.95412516001988,59.26368544174729,-0.313843790423452,1.2418316392463515,0.29997187288745336,91.14583333333091,-0.5863979917898033,0.02021841262547354,0.030399934520252924,0.00691654204066951,0.02688614742948812,0.01384435153889892,0.019882536819154552,0.009116593564333302,0.046544729646964114,1
2011-08-11,0.0675007273785333,33.76950757525125,35.70562237533183,35.69190257711617,0.0675007273785333,-0.03243670886074357,-0.5585690478361298,-1.0987599460598574,-0.6554457665301814,-0.443314179529676,-80.62046055076024,52.18893393354188,-0.38156139383846693,1.3297175078215406,0.41243150392251043,60.93749999999658,-0.757523802302536,0.020722689194064524,0.03065569299254404,0.006636945984675454,0.029208554900819948,0.016301707978597233,0.02226635356024545,0.00864951912180623,0.051030999190387616,0
2011-08-12,-0.02125919869175219,33.67751491441563,35.629297739332216,35.68699426880678,-0.02125919869175219,-0.044946808510624825,-0.6467463013076523,-1.1362815247848346,-0.7516129181811121,-0.3846686066037225,-62.682674086675455,43.601661239159,-0.4379257318340714,1.3715482836989303,0.3897605228484325,71.09375000000118,-0.6542076372845042,0.019259230520329285,0.031128569146011885,0.007306604959231271,0.02616638079402531,0.01643708411853741,0.018331751117128724,0.010572924564878038,0.047207244497284404,0
2011-08-15,0.027011974380385828,33.60256228851499,35.56007314246113,35.68630321647794,0.027011974380385828,0.08279506752788879,-0.4185276954059545,-1.0874400116028227,-0.8187783368654542,-0.26866167473736846,-42.99973036714206,37.46789502888551,-0.47370029670904645,1.347711401736435,0.43160431801809956,52.316890881916464,0.0,0.0,0.0,0.0,0.0,0.0,0.0,0.0,0.0,0
2011-08-16,-0.023047722342724897,33.53071108186111,35.48259204712566,35.68152619212426,-0.023047722342724897,-0.0101648351648298,-0.5281168921773054,-1.0939939999548791,-0.8738214694833393,-0.22017253047153984,-57.18078967918641,35.784693549176204,-0.5008740497385352,1.3183448758986185,0.4053731503672261,63.0331753554495,0.0,0.0,0.0,0.0,0.0,0.0,0.0,0.0,0.0,0
2011-08-17,0.014987510407973081,33.464785398562206,35.40858279797092,35.67990227832798,0.014987510407973081,0.06400931044512737,-0.3850696419871329,-1.0503148884838538,-0.9091201532834422,-0.1411947352004116,-29.313477875572698,29.516835042908696,-0.5145131467117767,1.2983082373504313,0.4291110871216878,51.186440677974296,0.0,0.0,0.0,0.0,0.0,0.0,0.0,0.0,0.0,0
2011-08-18,-0.037735849056578674,33.38110735076761,35.32209535832892,35.67437292207331,-0.037735849056578674,-0.04088307440720074,-0.5895175706782914,-1.0970103168980785,-0.9466981860063696,-0.15031213089170892,-86.25768137613235,32.19858686754188,-0.5300220568769227,1.330328735378472,0.3866327857627023,70.35573122529047,0.0,0.0,0.0,0.0,0.0,0.0,0.0,0.0,0.0,1
2011-08-19,-0.02387041773230414,33.27335710639905,35.22801975249834,35.66213328945908,-0.02387041773230414,-0.04344193817876918,-0.6852619352515797,-1.1776330325814115,-0.992885155321378,-0.1847478772600335,-97.81527630423484,34.85385390282503,-0.5518197613104701,1.3100387967258669,0.3630727500869462,84.13461538460263,0.0,0.0,0.0,0.0,0.0,0.0,0.0,0.0,0.0,1
2011-08-22,-0.027365356623031523,33.148569852791645,35.12242559171477,35.63726185654571,-0.027365356623031523,-0.09408893709328714,-0.7830816414675219,-1.2906490741375976,-1.0524379390846221,-0.23821113505297542,-125.46873021024658,39.36493915908068,-0.583192916311798,1.3267568410533048,0.3382341044408871,98.66666666668003,0.0,0.0,0.0,0.0,0.0,0.0,0.0,0.0,0.0,1
2011-08-23,0.041005686920094986,33.03650161726529,35.031310800894104,35.61342052938678,0.041005686920094986,-0.03469331112962459,-0.47362696921764746,-1.2722728888783799,-1.0964049290433737,-0.17586795983500614,-113.86376875466856,44.998299098571195,-0.6038969276571041,1.3820582700139974,0.4024023993167404,55.41516245487268,0.0,0.0,0.0,0.0,0.0,0.0,0.0,0.0,0.0,1
2011-08-24,0.03018976423231856,32.94324280344427,34.94696999493662,35.59580052241964,0.03018976423231856,-0.02023516543613968,-0.22288681602810845,-1.1727023559012615,-1.1116644144149512,-0.061037941486310254,-8.233250629128719,40.537082157327184,-0.6048869513061854,1.363497573327712,0.4466858362436016,36.462093862812964,0.0,0.0,0.0,0.0,0.0,0.0,0.0,0.0,0.0,1
2011-08-25,-0.0030700530281905225,32.863644079894534,34.859698912783585,35.58025794504453,-0.0030700530281905225,0.015061096902511117,-0.20845740458200576,-1.0887311099675223,-1.1070777535254654,0.018346643557943132,85.06627826575141,32.13238833173362,-0.5926433649680937,1.4559521949255179,0.44298238187222594,45.52715654952858,-0.9057753497995601,0.021645021645021644,0.027056277056277056,0.017316017316017316,0.03896103896103896,0.01948051948051948,0.030303030303030304,0.0183982683982684,0.03354978354978355,1
2011-08-26,0.013717805151169715,32.797682088241736,34.774549347919695,35.563782789680936,0.013717805151169715,0.05414847161568881,-0.04990373558762433,-0.9775530932368817,-1.0811728214677487,0.10361972823086707,20.880238137052,23.650948768536583,-0.5662573962844916,1.4520021260738378,0.46428942166019654,37.69968051119423,-0.7840903420029001,0.035890350197454686,0.03141132748864627,0.016286539339479388,0.04173143984871802,0.021159005899897648,0.02578735632831165,0.011182529670569796,0.053730904267185554,0
2011-08-29,0.03949185307928582,32.74847103634173,34.692575170487956,35.55584039663604,0.03949185307928582,0.12660879976058315,0.39561696568026766,-0.7830558007060837,-1.0215494173154158,0.2384936166093321,114.3287753802284,21.726141073865687,-0.5170115181504749,1.4344723382533493,0.521781167935896,14.856230031948433,-0.5940393742914863,0.019458879588209126,0.030138755286083264,0.008685222153669875,0.026998569861219106,0.016439507266774036,0.020341851643435112,0.009547057590249724,0.05156684763855839,0
2011-08-30,-0.015409139213603762,32.69484012818,34.607720086545434,35.547159304603674,-0.015409139213603762,0.06555491661876434,0.3039793115618968,-0.6607873618815212,-0.9493970062286369,0.28860964434711567,96.8247915395552,20.628148886004922,-0.4604026206837986,1.390470944646253,0.49841728545552866,24.121405750798214,-0.6169797058966495,0.01973603161559438,0.03379171779410325,0.00790947129446502,0.02583329505348167,0.015884831509170274,0.018823636314180506,0.008999220545639303,0.049193022179059714,0
2011-08-31,0.013491635186175799,32.64243386045237,34.53178068027129,35.538629421554475,0.013491635186175799,0.048283561261520225,0.5940188091716273,-0.5238081842473505,-0.8642792418323797,0.34047105758502916,110.55623223711436,21.006720600629002,-0.39622859697039137,1.349612507725378,0.5184360501423618,16.13418530351975,-0.7141307913432834,0.022196938027461824,0.032674322697291085,0.009172852729130264,0.028716641422746863,0.017161647351726376,0.020816660484361885,0.011284824079029887,0.04782277785095112,0
2011-09-01,-0.03354632587860151,32.57245507560863,34.445042080299366,35.52674201947523,-0.03354632587860151,0.016237402015679026,0.15137911128097298,-0.49532827228560095,-0.790489047923024,0.29516077563742305,53.17652131485114,16.19800585156902,-0.3422241758757421,1.3454231626569224,0.4677704995715727,36.261980830678795,-0.5550424868780499,0.01632588401663192,0.03187152544993372,0.005760024502039949,0.020968846233360202,0.016260068294531797,0.018831090602378545,0.008605333689220963,0.04689757352467692,0
2011-09-02,-0.046005509641864784,32.48469467787299,34.34605778198198,35.50960072268318,-0.046005509641864784,-0.043634355150495074,-0.48096039319917017,-0.5797761355731694,-0.7483464654530532,0.16857032987988374,-69.10465609690263,17.654828365490243,-0.31295377594160556,1.357202992841214,0.41050805713944477,62.93929712460088,-0.6397602899560495,0.020676422178219418,0.03191992935986405,0.008859676937181512,0.028343403329607927,0.01677302297972859,0.021102378926171082,0.011061238491687213,0.04852814125668731,0
2011-09-06,-0.03436326884203855,32.38658184056291,34.2403036902251,35.485439149901765,-0.03436326884203855,-0.11158342189160686,-0.9242946832517369,-0.7194295098695989,-0.7425630743363624,0.023133564466763512,-134.98886340214705,23.53456817415628,-0.3112719293849554,1.3717575457344129,0.3752563418965471,81.9488817891326,-0.8388431434593749,0.022845797491769872,0.03224229795029468,0.013468596574993594,0.03316461305579319,0.01671364083736706,0.024706235093513173,0.012458556934603206,0.05278040235605611,0
2011-09-07,0.041267942583739003,32.3052149001787,34.156929220611644,35.46814115983439,0.041267942583739003,-0.060442525634101685,-0.33834775119968,-0.727759564884277,-0.7396023724459454,0.011842807561668445,-53.67237361969116,20.814478780193234,-0.3119556655962552,1.3665891020951688,0.43576724950724893,64.76683937823044,-0.6224470680886232,0.018707237799684806,0.03445386834258735,0.0076835543632733745,0.026437787759533867,0.018444521638895078,0.021037615657440202,0.011210432096033151,0.053012733928039776,0
2011-09-08,-0.03762205628951565,32.20744461201625,34.06317239737438,35.44906625901881,-0.03762205628951565,-0.10782747603835086,-0.8044422044592096,-0.814167133202961,-0.7545153245973486,-0.059651808605612366,-78.21352831323898,20.234503753881544,-0.32591195009679524,1.3575710039925137,0.3965064647638442,87.39205526770914,-0.6693249172945461,0.018012716395323904,0.0340749910224664,0.007453399854654795,0.026587019477472995,0.015484176398658022,0.018249849738180467,0.009078364437981143,0.051477648950934894,1
2011-09-09,-0.0426738287078412,32.070277863779296,33.96514984683765,35.42762486007941,-0.0426738287078412,-0.11625344352616962,-1.0987390976006595,-0.9688389151380967,-0.7973800427054983,-0.17145887243259839,-134.30162594799188,24.079019587487636,-0.36021754316254717,1.3558266441971198,0.35853278461463023,97.54098360656278,-0.6381695269948481,0.019778403264689753,0.03433331237676842,0.008159708392745822,0.02491419102022899,0.0171966141614733,0.02179481064961645,0.010547102275189431,0.04984375645601828,1
2011-09-12,0.010598503740651966,31.93062923784081,33.864208072777416,35.405409673798175,0.010598503740651966,-0.06381749927808644,-0.8529012244789789,-1.0560945673842248,-0.8491229476412439,-0.20697161974298095,-132.75778643644023,28.562701455005833,-0.4003482584057748,1.3319073567678967,0.37388648483793374,82.2580645161341,-0.6563390152958807,0.018745149448786337,0.031200235094796875,0.009723737774684896,0.029754354189460246,0.015245901635907005,0.021676226098191323,0.010877821587556433,0.05332239030379759,1
2011-09-13,0.002159161011735966,31.777232615072034,33.76461262417882,35.3862396260669,0.002159161011735966,-0.0284090909090865,-0.7382528845862504,-1.1077103654656888,-0.900840431206133,-0.2068699342595558,-94.54029211482433,26.6925703871903,-0.439621247205475,1.3115046594446185,0.3771916776942736,81.23167155425021,-0.605604411782849,0.018453267749499475,0.0319658799350155,0.009017479421197695,0.02429487047819902,0.016508701683573927,0.01998306121909955,0.0091735296641986,0.05200239196886099,0
2011-09-14,0.009541397353007852,31.638348764094335,33.66662638199597,35.366669193490665,0.009541397353007852,-0.05801263641587728,-0.5826106633094428,-1.1146608379752578,-0.943604512559958,-0.1710563254152998,-83.6487358101147,26.334470883711376,-0.47146070068332446,1.2979835063704317,0.39248662234918785,76.68621700880672,-0.622138414454736,0.020554427060624724,0.029507547231753806,0.00810066195854509,0.027404004235033454,0.01624732058253437,0.021262354753087194,0.009198139853221371,0.05257967556756535,0
2011-09-15,0.030792682926842785,31.524440380850173,33.5777492804938,35.353484639523955,0.030792682926842785,0.008952551477186432,-0.2600368523523182,-1.0394216348786038,-0.9627679370236872,-0.0766536978549166,-40.40361275755025,22.73492124847678,-0.48508742503399105,1.2667447643329006,0.44068110850010866,60.66565809379777,-0.6024737093741782,0.01649517409763666,0.03115855517820889,0.007489571166026259,0.0220836732634303,0.015302780830327238,0.018131803936245573,0.009659626891583516,0.05395079199976675,0
2011-09-16,-0.011239278320014923,31.391294137324795,33.481388381772874,35.33557213448912,-0.011239278320014923,0.04208229426435661,-0.3413914168373311,-0.9942056825713124,-0.9690554861332125,-0.025150196438099903,-35.4734299516855,17.843496386422835,-0.48889336022131896,1.2515992277563361,0.4269573548406486,45.049504950485705,-0.7478482252499229,0.019444443825628082,0.02868538947872217,0.01002714766615071,0.02844812367220596,0.016216107801513162,0.02275144757610551,0.009586667323231293,0.05380370395176583,0
2011-09-19,-0.02811845647621758,31.252072780026396,33.373908937210416,35.3088609123033,-0.02811845647621758,0.002159161011735966,-0.5647991217790982,-1.010720515302964,-0.9773884919671628,-0.0333320233358011,-72.07489967428762,18.128114571921287,-0.49433650333793855,1.2405489645130978,0.39424974266255286,66.04774535808592,-0.7581131526614915,0.02168191775613635,0.030512148312077877,0.009153223929931873,0.03038312119310462,0.015091268737004808,0.022957672337292397,0.010430405898642069,0.04887727037611291,0
2011-09-20,-0.007386888273312908,31.130908010886696,33.26146892431154,35.27988725273744,-0.007386888273312908,-0.007386888273312908,-0.5969504739025181,-1.0282954529899868,-0.9875698841717278,-0.04072556881825906,-70.5110815662461,18.33141327584875,-0.5012693706048593,1.1856889562630908,0.3861167376494318,72.41379310344288,-0.694883838779598,0.0219790932648714,0.03211124301003783,0.006938200014525769,0.026964948664024196,0.013244971698456079,0.021161566022290704,0.009989000723405736,0.05103886327923375,0
2011-09-21,-0.05922480620157433,30.978186400759338,33.13475817514285,35.24162654332005,-0.05922480620157433,-0.07499999999999996,-0.9434710899295696,-1.1589066243082549,-1.0218372321990334,-0.13706939210922142,-142.47616621016815,25.277613218529083,-0.5266718927701128,1.2329859669557273,0.32810688366259444,98.27956989249014,-0.6571724302162911,0.02024840463004603,0.031876066228252134,0.008184055170071263,0.02560217124357416,0.014931096928166037,0.021162117441043113,0.009120385913787613,0.05148710576571614,1
2011-09-22,-0.03526697429135939,30.803526879784958,33.002793385281755,35.20158067540869,-0.03526697429135939,-0.13427979887607888,-1.0056732026869633,-1.3200509805403655,-1.0814799818673,-0.23857099867306553,-234.04367968233578,33.97894706672335,-0.57131501697063,1.2540024051212468,0.30083894577111564,87.10801393728879,-0.5397585762899193,0.017143140307194552,0.03266844702972071,0.007308169591813968,0.022990203047135012,0.016143102154304468,0.017488640102021613,0.011719607513677847,0.046729419384328764,1
2011-09-23,0.010932695592767994,30.62194847923576,32.867322095972355,35.1586767741067,0.010932695592767994,-0.11486688603051676,-0.8170405474240636,-1.4097215003621812,-1.1471282855662763,-0.2625932147959049,-174.81062781488794,39.071925615719245,-0.6200816006980082,1.2210233824625147,0.31906503423184474,81.53310104529714,0.0,0.0,0.0,0.0,0.0,0.0,0.0,0.0,0.0,1
2011-09-26,0.06961811422775499,30.481377096654438,32.7527550186747,35.12217214346388,0.06961811422775499,-0.02585410895663165,-0.3579382220848124,-1.3252545359782744,-1.182753535648676,-0.14250100032959834,-60.19476133614682,31.6061553417519,-0.6450518580897922,1.267604575144835,0.42329079097530725,45.64459930314898,0.0,0.0,0.0,0.0,0.0,0.0,0.0,0.0,0.0,0
2011-09-27,-0.002527646129516281,30.34198698619568,32.640280714552695,35.08274684177005,-0.002527646129516281,-0.021085271317835996,-0.3382340329495232,-1.2493588153131583,-1.1960745915815725,-0.05328422373158581,-3.1480986730762153,24.120953587093563,-0.6525621106287273,1.2903670845916326,0.42059836081260793,47.03832752613138,0.0,0.0,0.0,0.0,0.0,0.0,0.0,0.0,0.0,0
2011-09-28,-0.034843205574935254,30.174583851116857,32.51961532647814,35.03834751658818,-0.034843205574935254,0.004284772577451079,-0.5449778947433146,-1.2496984969415337,-1.2067993726535649,-0.042899124287968826,-53.88778911773455,18.859811383013753,-0.6583171075283337,1.2934230047534445,0.3843933353065314,66.20209059234612,0.0,0.0,0.0,0.0,0.0,0.0,0.0,0.0,0.0,1
2011-09-29,0.030193633081725624,30.0130870766507,32.40738356216013,35.00082931829754,0.030193633081725624,0.07242910830201144,-0.2956971884371295,-1.1737988143359672,-1.2001992609900454,0.026400446654078147,-26.838188363259924,14.622579233110093,-0.6506949171263475,1.3016848536296273,0.4286882873010452,50.17421602788315,-0.858522991984665,0.015030192404830785,0.025262318041970887,0.008393029342884694,0.032750723240115714,0.01329786012765762,0.024440923910547824,0.00816687330669973,0.044821945171511224,1
2011-09-30,-0.040458744823198,29.807714480490503,32.28275852620939,34.96036971610664,-0.040458744823198,0.0179114565731453,-0.6308375570557212,-1.186438996496772,-1.1974472080913907,0.011008211594618622,-71.94843262693661,13.023769414148383,-0.6467012412799694,1.2858516659642967,0.38726369142877864,65.43478260870802,-0.5422923398108117,0.018415257477233715,0.028951745326635626,0.010191833593687699,0.022508896011204618,0.015478583515995346,0.021932087018428015,0.009524749875534958,0.04362642000195794,1
2011-10-03,-0.048804780876472664,29.579222701360745,32.15353025663844,34.9145312982309,-0.048804780876472664,-0.09478672985779779,-0.9590675323793159,-1.281765761484401,-1.2143109187699928,-0.06745484271440816,-114.59360387867284,17.36952669752691,-0.6589661391240258,1.3181592292329183,0.3456315852197585,97.39130434782652,-0.6761086771292746,0.01901580260838407,0.03167188221320247,0.007653736846326517,0.025403931172406496,0.013893245163602427,0.020032972577576552,0.008674492550525366,0.04710564319436873,1
2011-10-04,0.06492146596859016,29.390556668076364,32.04117024314597,34.87796689250572,0.06492146596859016,-0.03357617991764095,-0.35825056850700643,-1.2166503038418597,-1.2147787957843663,-0.0018715080574933651,-80.15363113200188,22.214699275229858,-0.6582631713048076,1.3807836316156386,0.42924091260674563,51.882104805758985,-0.7110720511890579,0.021133734176213847,0.028299658524758863,0.00858506404189329,0.029432995164453826,0.014672133427031773,0.020140830273864516,0.008616457585838164,0.05047454490793822,1
2011-10-05,0.01916721744874872,29.215978010314984,31.941628498874344,34.84270303288567,0.01916721744874872,0.020505146188451562,-0.1372570998643979,-1.112407234934139,-1.1943044836143208,0.08189724868018189,-16.7747869779909,21.243514417276998,-0.640987555712437,1.3897136636538072,0.4529090952822361,40.301864468572504,-0.6310257100627251,0.019490776348004883,0.03296164288785288,0.007674337002334552,0.0261985221438897,0.017027288330887836,0.01961929254584556,0.009383186168783935,0.054308416629649366,1
2011-10-06,0.04993514915694064,29.08059603836958,31.857452652868957,34.80961513192008,0.04993514915694064,0.040061002584159455,0.42228255024661915,-0.9135461456328429,-1.1381528160180252,0.22460667038518234,83.34903169564625,16.19698594985665,-0.5951954189302768,1.4144129025092493,0.5109032550732977,9.554329780134738,-0.6035901649030888,0.016222767994466435,0.03206703793693246,0.006640862636506523,0.0224298499398996,0.016732999850975823,0.018552290697418757,0.00880036528559345,0.049078946421984376,0
2011-10-07,-0.051883878937600825,28.91646055784404,31.75118430548731,34.76454802421708,-0.051883878937600825,0.02767713021017304,-0.15735037772818325,-0.8613457850838451,-1.0827914098311893,0.2214456247473442,60.15862322695407,13.271839482731767,-0.5511743766655061,1.4324865570553031,0.45432325108093524,43.097094894783424,-0.643086912385695,0.017705674832474736,0.03328657581492918,0.007605153838700914,0.023405936472070434,0.018045751614856075,0.020528697467502934,0.01021247333028555,0.050342125772272844,1
2011-10-10,0.052117263843658,28.7834299765971,31.65626319436862,34.726620122239744,0.052117263843658,0.1367139243484934,0.4104540150080264,-0.702048094150225,-1.0066427466949963,0.30459465254477136,119.71353685629488,11.182449149071138,-0.4910382807555368,1.4286084861858528,0.5099818022395864,11.151604309388036,-0.6208502967553248,0.019202206499871935,0.031124265950156046,0.0072514750220737225,0.026328627170789265,0.017379826888001455,0.018690747178585897,0.009167804209478799,0.052135018104599064,0
2011-10-11,0.0,28.65056814851052,31.56201306162984,34.68623404737391,0.0,0.06741573033707704,0.4081738583951417,-0.5692416628586443,-0.9191625299277258,0.34992086706908154,106.52247169916984,11.652995818760164,-0.4228677843720106,1.403739001167292,0.5099818022395864,7.867494824005237,-0.6894800252456065,0.01816656185102723,0.03411318056591876,0.008327162908166517,0.026013162201586726,0.017668611449243237,0.01969548364972966,0.0114104029668334,0.052700203124866195,1
2011-10-12,0.027863777089765396,28.54314477187768,31.482716449688517,34.649926271649655,0.027863777089765396,0.0765239948119425,0.6953724769117812,-0.3976254183530976,-0.8148551076128002,0.4172296892597026,161.5266535550867,17.416695512710266,-0.3422191595748927,1.3988759815453427,0.5405537462970958,11.12956810631562,-0.6701642020887479,0.021055649462493577,0.03184116455190843,0.008158286270093998,0.026853525078930657,0.01646319852757261,0.019298754015741933,0.009899605764926458,0.051913251035077664,0
2011-10-13,-0.04819277108434672,28.40748529969238,31.39467264270636,34.6078542004594,-0.04819277108434672,-0.02408894379246662,0.1903630983674495,-0.3672209691051016,-0.7253282799112606,0.358107310806159,42.043538342630704,13.599720055191202,-0.27587627289476846,1.437504828010461,0.4828759593946305,37.707641196024,-0.7189051118598488,0.019812123639075738,0.032724539895475774,0.008800275903275397,0.027805777315169398,0.016099181485717182,0.023187468216819218,0.010272428672617639,0.04905728273835192,1
2011-10-14,0.009177215189897003,28.310173226515698,31.31085729059994,34.56755732889781,0.009177215189897003,0.03876221498371901,0.34062823033825573,-0.31953410306687147,-0.6441694445423828,0.3246353414755113,50.57847494256904,10.873309014106157,-0.21817171807056868,1.3907314707933567,0.4934265037850332,32.890365448502905,-0.683296873902596,0.018311887685715088,0.032221270066296465,0.008045661136578593,0.024613661720634603,0.018465731367503638,0.019293366494953716,0.01061798259853498,0.04981835112322242,1
2011-10-17,-0.02665412354969543,28.203798729407023,31.220397782044152,34.52285321107233,-0.02665412354969543,-0.03900928792569358,0.030105917646463427,-0.33621646920997605,-0.5825788494759014,0.24636238026592538,14.982525343094782,11.143969791974804,-0.17832131820737665,1.3594524500695455,0.4635724461754778,47.00996677740439,-0.6366066604913733,0.01864910338534273,0.03485913897231824,0.00808702104813908,0.024850959158066493,0.0183585889431115,0.019861587794702616,0.009816153615774374,0.04906876011620051,1
2011-10-18,0.058956185566996444,28.1882998167915,31.143997054996138,34.48110031679567,0.058956185566996444,0.017647058823519357,0.7201556372069857,-0.22126214669529176,-0.5103155089197795,0.28905336222448774,88.39815607130731,11.741497600447904,-0.13028286821051613,1.4069739542717923,0.5295653239156024,22.371364653241567,-0.6000640155240858,0.01851551327030213,0.03258077479485527,0.007289553167946381,0.02509807399414444,0.01648343829459939,0.022001011443295606,0.009246691355482345,0.05352293659376409,1
2011-10-19,-0.018862184362655854,28.122763528722597,31.05947010186917,34.43408530985927,-0.018862184362655854,-0.028614457831333096,0.43520852242453933,-0.17075303849562573,-0.4424030148349487,0.271649976339323,94.67140857340196,14.718987461797216,-0.0869293910843781,1.4267943005040928,0.5068163461508624,49.025069637903265,-0.6614502187800189,0.019202783391343084,0.03243752483652174,0.006995985934349983,0.025325813195366732,0.016073831963803215,0.01895000449487027,0.009522935359954411,0.05283629356581705,1
2011-10-20,0.02728682170544272,28.106457099331777,30.97865537891757,34.38856114416377,0.02728682170544272,0.04841772151900603,0.7073583162088912,-0.06951323540897292,-0.36782505894975354,0.2983118235407806,79.45592063991538,14.488124996307777,-0.03876671368690658,1.417246128185086,0.5372046853946129,26.190476190490397,-0.6513986891294353,0.020017023376530756,0.03379060750979549,0.008415057780658649,0.02698525067029765,0.016580128246608407,0.021920729147619528,0.010494643064080263,0.051171239101116275,1
2011-10-21,0.008753395713841483,28.055934209994017,30.91272089262267,34.34518819144707,0.008753395713841483,0.04797742238944447,0.7451454371228454,0.030278734249822747,-0.2882043003098383,0.31848303455966104,135.13071895422243,18.146107279575876,0.012707346852732962,1.3786041812790084,0.5471082761505398,19.8717948718094,-0.6989481151373645,0.020586386783495933,0.032407979523824265,0.009156509705685436,0.028516037833653425,0.017714173070844833,0.022853843590279053,0.011042571292539561,0.05131859633880142,1
2011-10-24,0.034410532615200884,28.038141012838732,30.85782796362722,34.310210709322675,0.034410532615200884,0.11372422680409588,1.001366423613027,0.18616306662342552,-0.1933308269231855,0.379493893546611,174.92789451998314,23.264257676200945,0.07602826411394957,1.3573064323252935,0.585031351145092,3.183023872693381,-0.5747134936007767,0.020811426210160026,0.033413520173479934,0.00828321945035773,0.027744910361653732,0.018094282162019564,0.019318183290246423,0.010405485224951752,0.053481810715134054,1
2011-10-25,-0.03124096037023716,27.985602844929954,30.79408256672251,34.27164031555546,-0.03124096037023716,0.018862184362655965,0.568279556971607,0.2328789049666078,-0.10808888054522685,0.34096778551183465,108.29759724890485,25.247611469184918,0.12970816406129715,1.3338839364319868,0.5393547028033437,31.830238726778397,-0.6488525887203148,0.01991948360613245,0.035172906198669106,0.007716226305083883,0.02622854555411198,0.016993199551553356,0.020739590334325087,0.010727420311411556,0.04927935724681715,0
2011-10-26,0.020603165123888934,27.959148863056456,30.74492997245882,34.235170741217054,0.020603165123888934,0.059844961240312466,0.7129407487068524,0.3136526208949988,-0.023740580257181697,0.33739320115218047,114.35662929340573,27.391459091694657,0.18145559996574961,1.2945120714704161,0.5628384329601765,13.527851458900372,-0.6574541858244104,0.016264679210308223,0.032625827218991287,0.007313447474380078,0.023928144057950917,0.01634262422883483,0.019231726090061848,0.010131724268542041,0.04963386314216249,0
2011-10-27,0.0728496196606292,27.96594890159206,30.71536715007717,34.20466290520193,0.0728496196606292,0.10685179595532168,1.1957470582011656,0.5423464354043865,0.08947682287513199,0.45286961252925456,233.30331610145598,37.59464115140938,0.2564167746136293,1.4062237479353152,0.6351280407005915,13.242009132417873,-0.5656460336678163,0.017550088904143592,0.03513605000197335,0.006917685506268705,0.02222595063968351,0.019593188121848425,0.01914580415096337,0.011675438019935537,0.05036158844195302,0
2011-10-28,0.0005454049631876678,27.996377170964944,30.68874226086631,34.17532463201267,0.0005454049631876678,0.09784560143627696,1.0211975303732412,0.7166992155719001,0.21492130141448568,0.5017779141574144,176.57709485661587,44.88262833691989,0.339551149273121,1.353785055016507,0.6356491981569066,12.937595129372358,-0.6040222206861177,0.01928429690551596,0.0319826762075,0.007775895606616798,0.027166572917383464,0.016936303862170828,0.02052718009125552,0.010815882755598616,0.0472775656494981,0
2011-10-31,-0.05260288907059296,28.008142266546184,30.64074968647265,34.13585803743656,-0.05260288907059296,0.005496094879962055,0.5121393967532102,0.7141533543666334,0.31476771200491527,0.39938564236171814,82.5564292194786,39.88632471667391,0.39865214988342623,1.3761892700977563,0.5534909800548514,43.437499999997385,-0.6806171442904361,0.019744995500289207,0.03221881769727885,0.007452253775916991,0.026492500837028362,0.016210899525620163,0.02183411119355698,0.010274419090711799,0.04845130205597702,0
2011-11-01,-0.05897583429227382,28.000889951695168,30.57472990224344,34.08833876892175,-0.05897583429227382,-0.0232905344879083,-0.1011777026378312,0.5648968992164676,0.36479354944722575,0.20010334976924182,-40.57601013016083,32.796131844403945,0.4145526896526223,1.4553294196523452,0.48219894682151915,82.28279386711769,-0.7912061131986322,0.019038746627567445,0.029562531236798494,0.008481585448439,0.025911595654111746,0.014480730529935933,0.021918853503795556,0.00940456465854103,0.05034508078825721,1
2011-11-02,0.028431672271481023,27.986342157767684,30.511421887516516,34.04911338297627,0.028431672271481023,-0.015798712697453476,0.14090254241277098,0.5046349980403342,0.3927618391658475,0.11187315887448668,-10.039689959488344,27.29989705633242,0.4124741461789604,1.413967237641392,0.512854085728478,66.43952299828868,-0.6664019528740646,0.018531913782075318,0.03365615051882328,0.007368977203151321,0.026289078904121754,0.0169881405205468,0.019969440246959097,0.011284237874173444,0.0530005157651689,0
2011-11-03,0.02199762187871168,27.966666186175225,30.454954494809776,34.00869776647799,0.02199762187871168,-0.0624488682846841,0.33911799291038053,0.5018905622186907,0.4145875837764162,0.08730297844227447,6.31645649291799,19.94418319073784,0.4065296974914771,1.415057990023364,0.5363743021471414,55.438596491222924,-0.6917513211264161,0.018668801537535404,0.030317362703064354,0.007581065157367371,0.026642172000374054,0.015117121234678321,0.021006311738035483,0.009269060534676889,0.04655354712828723,0
2011-11-04,-0.011925538103551903,27.941870457845486,30.402757268870037,33.96428573906412,-0.011925538103551903,-0.07413464159170269,0.17316322446545382,0.46619614568994905,0.4249092961591229,0.041286849530826175,-10.7538598095332,14.690101858170287,0.3925145091137301,1.3704956474970522,0.5213549039213539,62.63157894736643,-0.645868435272333,0.01762970618474926,0.03249181912392114,0.007536130044080885,0.023327683664934845,0.01995662179506978,0.018567992514734524,0.011038107423952465,0.05214732941210325,0
2011-11-07,0.007948189579024767,27.913399803207625,30.355540945724705,33.922148406557774,0.007948189579024767,-0.014959723820484494,0.23359863603321418,0.4512412193118145,0.4301756807896613,0.021065538522153204,-0.19384151911765427,11.44409401959019,0.3761200294107869,1.310886255827334,0.5306750517664343,57.89473684211178,-0.6300129654618839,0.01913252075791535,0.03262208539615607,0.007449446916258743,0.024965843672779594,0.016194843783441566,0.020646751726769327,0.010946022135818736,0.04789371210607864,0
2011-11-08,0.022780373831777556,27.87406894022579,30.311269988283783,33.883954614265114,0.022780373831777556,0.07062060531945646,0.4503842262289495,0.48731677883212754,0.4416039003981545,0.045712878433973037,37.39189824847586,13.067320762855456,0.36661462800141886,1.2877411412251671,0.5574824816044179,44.210526315792904,-0.6380825978174729,0.018700543342747275,0.03142734810172851,0.009214268255232722,0.023774904686933666,0.01632571391734904,0.019934455058338484,0.010387881960813956,0.05208627161744316,0
2011-11-09,-0.07081667618502718,27.802329216830007,30.248584672505025,33.834752863711444,-0.07081667618502718,-0.032699167657560424,-0.37110062314420783,0.3417223359599575,0.4216275875105151,-0.07990525155055761,-98.5789129647881,12.582170781803425,0.3330032082167013,1.3561842789017984,0.4662864230437915,87.71929824561767,-0.7394119128047846,0.018454198548038248,0.031148133110530114,0.0073116467825456374,0.027153308794096283,0.015003380327686975,0.022806415301128924,0.008363137556476418,0.046712477884252236,0
2011-11-10,0.006146281499684658,27.72555478248993,30.18399432147117,33.78590131647284,0.006146281499684658,-0.04770215241420772,-0.33731020661436506,0.2373313523975824,0.3847683404879286,-0.14743698809034617,-106.58704888172582,12.661784870538117,0.28816357086102284,1.317042539696241,0.4737627694047884,82.49027237354827,-0.7672901201636105,0.01949426317316699,0.03219090032518802,0.00834175769534541,0.027293786768799344,0.015432091934381569,0.021943218095399963,0.009776025860463708,0.05141847888953155,0
2011-11-11,0.016493585827737745,27.679231203454652,30.12584313953166,33.74168258129153,0.016493585827737745,-0.020312040035331935,-0.181296969121213,0.18948603629975835,0.34571187965029454,-0.1562258433505362,-54.080449701332725,9.253740492058416,0.2444082702259041,1.2904193449304382,0.4943582775572875,65.38461538461866,-0.611111682857459,0.0229932904584748,0.03420307494635894,0.009466753265021704,0.02823574532445543,0.01840581925927347,0.022843075693351297,0.010513556613064195,0.047975773753588344,0
2011-11-14,-0.02193509615385858,27.648668645380454,30.06668166162674,33.69269021206074,-0.02193509615385858,-0.04935747663551793,-0.519713476393717,0.10029952456429214,0.29662940863309406,-0.19632988406880192,-99.86767713222501,10.73095739081894,0.1952353076251886,1.2626594613320496,0.46770928959010066,78.74251497007835,-0.7183248443669688,0.019682796960006,0.03450629065576721,0.007878851880169695,0.02644418545396537,0.01405840525068312,0.02073021988458629,0.009126418509042633,0.04919590323353932,0
2011-11-15,0.004608294930878776,27.640739923694632,30.01366088212879,33.640206494415814,0.004608294930878776,-0.06624785836665026,-0.4538538660646212,0.03946079408556358,0.24519568572358796,-0.2057348916380244,-83.92984030817166,12.448563549038719,0.14691513017686464,1.2350594192011175,0.4739839608789807,80.00000000001519,0.0,0.0,0.0,0.0,0.0,0.0,0.0,0.0,0.0,0
2011-11-16,-0.03761467889909387,27.588595141375112,29.946905020776917,33.5844928794585,-0.03761467889909387,-0.03288260602338022,-0.8817675651909113,-0.0921285744708058,0.1777308336847092,-0.269859408155515,-128.77559650520016,16.811308104304192,0.08822905134945748,1.2258378748996093,0.42929535395828056,98.14814814815503,0.0,0.0,0.0,0.0,0.0,0.0,0.0,0.0,0.0,0
2011-11-17,-0.031140768986330558,27.541882582401453,29.87466359720887,33.524568943214696,-0.031140768986330558,-0.06872327428223424,-1.0516913463211126,-0.2606835003433794,0.09004796687909147,-0.35073146722247084,-182.85986123453884,23.885798521403814,0.016013819595524788,1.2087676446494942,0.3971653916471593,96.90082644627888,0.0,0.0,0.0,0.0,0.0,0.0,0.0,0.0,0.0,0
2011-11-18,0.0042636930141033424,27.521513640957473,29.795895752368402,33.46882685340747,0.0042636930141033424,-0.07992788461539835,-0.8773177265034584,-0.3809489954329557,-0.004151425583317982,-0.3767975698496377,-169.327173278104,28.973762074664904,-0.058466915118911056,1.1537220582995305,0.4035426699205469,94.02061855670911,0.0,0.0,0.0,0.0,0.0,0.0,0.0,0.0,0.0,0
2011-11-21,-0.023187459176981062,27.483326629949275,29.70697793389506,33.40626893605071,-0.023187459176981062,-0.08110599078338643,-0.9282522108967358,-0.5190169786938945,-0.10712453620543333,-0.4118924424884612,-166.6300911934793,35.093575371344386,-0.13724471152056986,1.133295590122064,0.37990463023358934,94.44444444442928,0.0,0.0,0.0,0.0,0.0,0.0,0.0,0.0,0.0,0
2011-11-22,-0.016716817118018645,27.435450979134075,29.60634179710307,33.340583109866046,-0.016716817118018645,-0.10061162079508468,-0.9118076310435275,-0.6552076973270182,-0.21674116842975033,-0.4384665288972679,-138.89232984743666,40.163955340390665,-0.21879194129422666,1.0960980817762735,0.3637455719085492,99.34853420193865,0.0,0.0,0.0,0.0,0.0,0.0,0.0,0.0,0.0,1
2011-11-23,-0.03502210132609995,27.364818802917675,29.501583783506018,33.27314378995419,-0.03502210132609995,-0.09818875119159709,-0.9792630402146839,-0.8243440655230323,-0.33826174784840674,-0.48608231767462556,-146.76572438524258,46.663834433441224,-0.30763083658322915,1.0834336266438254,0.3323816472889108,99.09420289855716,0.0,0.0,0.0,0.0,0.0,0.0,0.0,0.0,0.0,1
2011-11-25,0.0035236081747871406,27.278844031041636,29.40164220594592,33.204377971339696,0.0035236081747871406,-0.06592325352572215,-0.8645056533790287,-0.9406775756089303,-0.45874491340051154,-0.48193266220841874,-119.59115706716985,51.42952443571097,-0.39348624015793016,1.0601280621633378,0.3383466502079531,96.40933572709326,0.0,0.0,0.0,0.0,0.0,0.0,0.0,0.0,0.0,1
2011-11-28,0.023876404494367565,27.210851899310196,29.30107301831751,33.134166701141844,0.023876404494367565,-0.047681254082288516,-0.6694080800940376,-0.9749538630732673,-0.5619867033350627,-0.4129671597382045,-78.49111974998267,45.772516186111524,-0.4636367886063585,1.0810240192823137,0.37897990777913776,81.78053830226845,0.0,0.0,0.0,0.0,0.0,0.0,0.0,0.0,0.0,1
2011-11-29,-0.020576131687256694,27.148513723431396,29.200293251728908,33.061528354002,-0.020576131687256694,-0.045135406218685614,-0.7265429896129809,-1.031416943729404,-0.6558727514139311,-0.375544192315473,-93.16190753048252,43.25600668107184,-0.5251496641711316,1.0451295180866484,0.3580839172638802,94.20289855072286,-0.5272217341432099,0.009433962264150943,0.03504043126684636,0.013477088948787063,0.014824797843665768,0.016172506738544475,0.013477088948787063,0.013477088948787063,0.03638814016172507,1
2011-11-30,0.08438375350139848,27.131231135640377,29.131069573263545,32.997973473530685,0.08438375350139848,0.053043182590918336,-0.1515753856652717,-0.9003456111675305,-0.7047673233646511,-0.19557828780287945,-5.893938420844934,33.29585320471465,-0.5491624417010113,1.1187486750096736,0.4817008006973096,36.074144486706786,-0.7332935776381942,0.021925917723841747,0.03099310803281187,0.010224200374989409,0.027421280581398703,0.01619476998601393,0.021637830736830673,0.012185710129930007,0.05089841553219206,1
2011-12-01,-0.01646754924118221,27.13750288644032,29.057844643599832,32.92757756873484,-0.01646754924118221,0.07329105003524172,-0.23705548497198337,-0.822005218444481,-0.7282149023806171,-0.0937903160638639,-3.4822064871369123,26.18145786445953,-0.552492001999301,1.095958952676054,0.4614491154853087,32.29813664595821,-0.7230544542630435,0.017508519429019584,0.03068819926131789,0.007558364580749354,0.024016733681919308,0.014687351531547528,0.01958287656490163,0.008779008949302268,0.04875551849352454,1
2011-12-02,0.06139198949441149,27.193648780538837,28.9985878301619,32.86563658617736,0.06139198949441149,0.13518258426964258,0.23888026988920444,-0.6243522097024616,-0.7074423638449862,0.08309015414252452,98.98968587428287,30.302659019045755,-0.5199010275349902,1.18843119315155,0.5381258441368121,18.837675350693722,-0.6430842403718651,0.01937482205978893,0.03410348906572006,0.008047872280178909,0.024324151556183903,0.018204603703997707,0.020006046575890463,0.012227599543593105,0.052328590510482983,1
2011-12-05,0.03649860810395067,27.26447196124112,28.943210220238438,32.80796415037362,0.03649860810395067,0.1491769547325308,0.5441161536494797,-0.3822999901231441,-0.6424138891006178,0.2601138989774737,171.13049698946352,35.41363446034644,-0.45187782410939986,1.2111006850800108,0.5788710925591221,10.13745704466808,-0.6921766679273884,0.01848140584035347,0.03230673435522515,0.006613850977808092,0.025933962079140907,0.017409163739633735,0.020099926249293982,0.011461026739329637,0.051999706124963505,0
2011-12-06,-0.00835571471202945,27.295767865005597,28.88857248083002,32.75740119619615,-0.00835571471202945,0.16351540616249838,0.5031027690504968,-0.20730345428215813,-0.5553918021369258,0.3480883478547677,139.71586130745789,35.360157808919034,-0.36769596365786006,1.1792837141172956,0.5661092245940718,14.948453608243142,-0.7796025566419317,0.021313662548880893,0.03433128316595516,0.006971822882197777,0.02785554758727186,0.01888745198089578,0.02140803931877156,0.011256624245537621,0.05309639261425269,0
2011-12-07,0.023171832681294413,27.341515140287015,28.841751063241354,32.71032213418277,0.023171832681294413,0.09783661608009231,0.7522055856309,-0.015579391885911065,-0.44742932008672287,0.4318499282008118,139.61848536015592,37.216281884410826,-0.2686474972012568,1.1843765237957744,0.5927019065190003,3.214890016924907,-0.6664442449444852,0.02011704972496182,0.030979189513006378,0.007086112293548897,0.025440271916239758,0.01501133149769273,0.021004031314859423,0.009583560580806795,0.05120472510594026,0
2011-12-08,-0.05235294117646927,27.375539034251556,28.775061442684216,32.655880070535794,-0.05235294117646927,0.05778069599474245,0.27310870479617666,0.014009537422236207,-0.355141548584931,0.36915108600716723,77.40371279014117,34.073495694956186,-0.18611237156505533,1.2164506717686479,0.5142395797791667,33.33333333333333,-0.7302163442622979,0.020009565463477565,0.03303511256813807,0.007535369127447701,0.02600073008025521,0.014289430174215977,0.020034027983663702,0.011185868505390925,0.049530619769431634,0
2011-12-09,0.029795158286769485,27.410371783416977,28.71172943003384,32.602309787051425,0.029795158286769485,0.0262913702443488,0.5239315390923605,0.1021825338492377,-0.2636767320980973,0.365859265947335,74.80384066228984,31.828648416774307,-0.10723134305433128,1.1957972721856014,0.5489222241611826,17.688266199659612,-0.7124060546303795,0.02080243881274908,0.03156852720368391,0.007492150443725569,0.02666311986423943,0.016383617170614064,0.019317559850029455,0.011571697601285095,0.05314878733368542,0
2011-12-12,-0.034358047016256,27.44723938562777,28.627476933059143,32.54384859286581,-0.034358047016256,-0.04386750223814573,0.2386710626906037,0.09273332083853347,-0.1923947215107711,0.28512804234930456,37.181601612618756,25.86294065909497,-0.0483378205286704,1.1966721964004157,0.5029948207768263,37.653239929946885,-0.6535607698737993,0.0191543527976645,0.03135302813453918,0.008611404958038619,0.02412545580324848,0.01578516085022315,0.01861298406066563,0.010324746882997587,0.04928265921249054,0
2011-12-13,-0.023408239700390188,27.49615265088503,28.537687676122893,32.48674364800016,-0.023408239700390188,-0.05838098104124767,0.047998017183568054,0.033374520272495545,-0.1472408731541178,0.18061539342661334,11.798844829501,20.782620288532268,-0.013841176578393621,1.2181453761193142,0.4748463211530496,66.05922551254345,-0.7551685768815601,0.023089646743486063,0.032624188923563356,0.00892302970531423,0.03026482092699827,0.016056534353275705,0.022111028388405812,0.0109557984456335,0.04958917356824283,1
2011-12-14,0.007031000319585701,27.51742107009617,28.45398886908627,32.432201247303325,0.007031000319585701,-0.07323529411765539,0.12981778657862014,0.0014183101781171104,-0.11750903648767082,0.11892734666578793,-3.8662790697753877,17.385363835434767,0.006207035035130286,1.198586264466149,0.48396881927845387,64.4230769230856,-0.679597058377048,0.01957574590813691,0.03210375815980776,0.008645620887048608,0.02487091853483026,0.016906718685839896,0.0218073838523818,0.010706730278514298,0.05196630335743574,1
2011-12-15,0.007933989209792491,27.53307462663559,28.37452631847529,32.37509340002996,0.007933989209792491,-0.014276846679074029,0.19735712887232384,-0.006668509302024006,-0.09534093105054145,0.08867242174851744,7.4270557029219,12.482598255415382,0.019061741674131837,1.1597634821259957,0.49471043741631854,71.89349112425502,-0.69669620721311,0.017827481361399666,0.031127429986512446,0.008451335379111323,0.024667630427647008,0.016574775152030992,0.01896488185684686,0.010047335025196624,0.05187773757981026,1
2011-12-16,0.004093198992443536,27.52473740630483,28.30266672233721,32.32087435443858,0.004093198992443536,-0.03887884267629527,0.21423960640988765,-0.004105886745577436,-0.07709392218954865,0.07298803544397121,11.113941532843436,11.129781174066814,0.028159689912586907,1.127967439509496,0.5005326610944177,68.45238095237747,-0.7648815536871592,0.024287600603470808,0.03244577640868175,0.01015015823720441,0.031209907975597598,0.016913109984705365,0.023718808298450966,0.012054310526657726,0.05029136611392304,1
