p,d,q,sp,sd,sq,s,aic
1,0,0,1,1,2,5,21723.200375312925
1,0,0,0,0,1,5,21731.491958349514
1,0,0,1,0,1,5,21733.449019842625
1,0,0,2,1,0,5,23113.959239168224
1,0,0,2,1,1,5,21721.69632451126
1,0,0,1,0,2,5,21714.27143220164
1,0,0,0,1,2,5,21721.34326850565
1,0,0,2,0,2,5,21716.271143307225
1,0,0,1,0,0,5,21731.449071511408
1,0,0,2,0,0,5,21715.102591093815
1,0,0,0,0,0,5,21758.252017494895
1,0,0,0,1,1,5,21743.527960230167
1,0,0,1,1,1,5,21745.497902273433
1,0,0,2,1,2,5,21723.47502084111
1,0,0,0,1,0,5,25347.146064876208
1,0,0,0,0,2,5,21712.271259955174
1,0,0,2,0,1,5,21714.374431566495
1,0,0,1,1,0,5,23837.47172066236
1,1,3,1,1,2,5,21723.584867161477
1,1,3,0,0,1,5,21733.130779074447
1,1,3,1,0,1,5,21734.637302519768
1,1,3,2,1,0,5,23119.731867030805
1,1,3,2,1,1,5,21734.303417559226
1,1,3,1,0,2,5,21712.83226375939
1,1,3,0,1,2,5,21721.15479617851
1,1,3,2,0,2,5,21715.71283427526
1,1,3,1,0,0,5,21746.594182845398
1,1,3,2,0,0,5,21722.846923141486
1,1,3,0,0,0,5,21751.9692128651
1,1,3,0,1,1,5,21749.869112511315
1,1,3,1,1,1,5,21751.070751754647
1,1,3,2,1,2,5,21725.89722784433
1,1,3,0,1,0,5,25252.0880542076
1,1,3,0,0,2,5,21710.83271735232
1,1,3,2,0,1,5,21724.769307358612
1,1,3,1,1,0,5,23846.256072251606
2,0,4,1,1,2,5,21699.374437586746
2,0,4,0,0,1,5,21732.071149605243
2,0,4,1,0,1,5,21732.032021791023
2,0,4,2,1,0,5,22874.53640275029
2,0,4,2,1,1,5,21713.483058805192
2,0,4,1,0,2,5,21691.107965942087
2,0,4,0,1,2,5,21698.02069484407
2,0,4,2,0,2,5,21693.68649256417
2,0,4,1,0,0,5,21732.17282919166
2,0,4,2,0,0,5,21715.76286084222
2,0,4,0,0,0,5,21737.799224966315
2,0,4,0,1,1,5,21725.595631212258
2,0,4,1,1,1,5,21731.96120828623
2,0,4,2,1,2,5,21699.50691653714
2,0,4,0,1,0,5,23466.320600025552
2,0,4,0,0,2,5,21697.464840810157
2,0,4,2,0,1,5,21714.95111117346
2,0,4,1,1,0,5,23397.053410471704
1,1,2,1,1,2,5,21725.68904937969
1,1,2,0,0,1,5,21729.37015449366
1,1,2,1,0,1,5,21731.361218888436
1,1,2,2,1,0,5,23120.708898668057
1,1,2,2,1,1,5,21732.742941328517
1,1,2,1,0,2,5,21714.837567106617
1,1,2,0,1,2,5,21724.294096176767
1,1,2,2,0,2,5,21716.837334831755
1,1,2,1,0,0,5,21739.617227226285
1,1,2,2,0,0,5,21720.57699483251
1,1,2,0,0,0,5,21752.993993614906
1,1,2,0,1,1,5,21751.274847137523
1,1,2,1,1,1,5,21753.239925939306
1,1,2,2,1,2,5,21726.447545902505
1,1,2,0,1,0,5,25257.14942952401
1,1,2,0,0,2,5,21712.837527215634
1,1,2,2,0,1,5,21722.46618010973
1,1,2,1,1,0,5,23862.596137616987
1,0,3,1,1,2,5,21700.160698455507
1,0,3,0,0,1,5,21717.682698021672
1,0,3,1,0,1,5,21719.621872059994
1,0,3,2,1,0,5,22900.896131846435
1,0,3,2,1,1,5,21724.88157792124
1,0,3,1,0,2,5,21707.491867010292
1,0,3,0,1,2,5,21699.997658959808
1,0,3,2,0,2,5,21709.49181405535
1,0,3,1,0,0,5,21735.714226086762
1,0,3,2,0,0,5,21719.3051107661
1,0,3,0,0,0,5,21745.573751754226
1,0,3,0,1,1,5,21736.256558143148
1,0,3,1,1,1,5,21735.802510998557
1,0,3,2,1,2,5,21701.679144928523
1,0,3,0,1,0,5,24733.118392411052
1,0,3,0,0,2,5,21705.491865386404
1,0,3,2,0,1,5,21718.397793139287
1,0,3,1,1,0,5,23504.42372926607
4,0,0,1,1,2,5,21725.61886696441
4,0,0,0,0,1,5,21734.868906217096
4,0,0,1,0,1,5,21719.362550517057
4,0,0,2,1,0,5,23092.885594993015
4,0,0,2,1,1,5,21701.49535732986
4,0,0,1,0,2,5,21720.137590239945
4,0,0,0,1,2,5,21724.437532919866
4,0,0,2,0,2,5,21709.0530875096
4,0,0,1,0,0,5,21717.615753464845
4,0,0,2,0,0,5,21707.720808539296
4,0,0,0,0,0,5,21746.62844298572
4,0,0,0,1,1,5,21748.30285485755
4,0,0,1,1,1,5,21736.656084947143
4,0,0,2,1,2,5,21701.163711068028
4,0,0,0,1,0,5,25327.14710806174
4,0,0,0,0,2,5,21718.141872478598
4,0,0,2,0,1,5,21707.161878188923
4,0,0,1,1,0,5,23826.297268276292
0,1,2,1,1,2,5,21723.35740312985
0,1,2,0,0,1,5,21727.648043692636
0,1,2,1,0,1,5,21729.601766934924
0,1,2,2,1,0,5,23130.943642321658
0,1,2,2,1,1,5,21742.079577856202
0,1,2,1,0,2,5,21713.099173323855
0,1,2,0,1,2,5,21722.335971412947
0,1,2,2,0,2,5,21715.098891731162
0,1,2,1,0,0,5,21744.269731690463
0,1,2,2,0,0,5,21722.637258087234
0,1,2,0,0,0,5,21751.386763356953
0,1,2,0,1,1,5,21750.02282025716
0,1,2,1,1,1,5,21751.99540415027
0,1,2,2,1,2,5,21726.346451147823
0,1,2,0,1,0,5,25343.062759124656
0,1,2,0,0,2,5,21711.099168453053
0,1,2,2,0,1,5,21724.535663396593
0,1,2,1,1,0,5,23855.914141345653
2,1,2,1,1,2,5,21727.119552691925
2,1,2,0,0,1,5,21730.936004346444
2,1,2,1,0,1,5,21732.942960079235
2,1,2,2,1,0,5,23113.849595886277
2,1,2,2,1,1,5,21729.776211096367
2,1,2,1,0,2,5,21716.59656532983
2,1,2,0,1,2,5,21724.900700610207
2,1,2,2,0,2,5,21718.59637773376
2,1,2,1,0,0,5,21736.13250739467
2,1,2,2,0,0,5,21718.814839106537
2,1,2,0,0,0,5,21755.81432116714
2,1,2,0,1,1,5,21754.13610964253
2,1,2,1,1,1,5,21757.771863948325
2,1,2,2,1,2,5,21727.862811610452
2,1,2,0,1,0,5,25253.95967166569
2,1,2,0,0,2,5,21714.601610679398
2,1,2,2,0,1,5,21720.480457627105
2,1,2,1,1,0,5,23833.46919118048
4,1,3,1,1,2,5,21726.739334095582
4,1,3,0,0,1,5,21737.525598051147
4,1,3,1,0,1,5,21739.80316853906
4,1,3,2,1,0,5,22654.203394985918
4,1,3,2,1,1,5,21727.237652468204
4,1,3,1,0,2,5,21709.662635158085
4,1,3,0,1,2,5,21726.819711702872
4,1,3,2,0,2,5,21711.334175965494
4,1,3,1,0,0,5,21737.8039807716
4,1,3,2,0,0,5,21707.765649478453
4,1,3,0,0,0,5,21752.39814156496
4,1,3,0,1,1,5,21750.311282625436
4,1,3,1,1,1,5,21755.08689993385
4,1,3,2,1,2,5,21730.68413561156
4,1,3,0,1,0,5,23910.533829943688
4,1,3,0,0,2,5,21707.490074658126
4,1,3,2,0,1,5,21709.228000570114
4,1,3,1,1,0,5,23080.46780170036
2,0,3,1,1,2,5,21700.656608328212
2,0,3,0,0,1,5,21717.885623694965
2,0,3,1,0,1,5,21718.79452704085
2,0,3,2,1,0,5,22860.327639101153
2,0,3,2,1,1,5,21710.212862012977
2,0,3,1,0,2,5,21704.575122086648
2,0,3,0,1,2,5,21698.74853997308
2,0,3,2,0,2,5,21710.336936352393
2,0,3,1,0,0,5,21730.96184931332
2,0,3,2,0,0,5,21715.964945337753
2,0,3,0,0,0,5,21747.578597292828
2,0,3,0,1,1,5,21731.97963709599
2,0,3,1,1,1,5,21733.105066643373
2,0,3,2,1,2,5,21703.09536342865
2,0,3,0,1,0,5,24226.51518557245
2,0,3,0,0,2,5,21702.54975115912
2,0,3,2,0,1,5,21716.95951579587
2,0,3,1,1,0,5,23142.09917795821
0,0,1,1,1,2,5,21708.182336201127
0,0,1,0,0,1,5,21726.81697149613
0,0,1,1,0,1,5,21728.61039084065
0,0,1,2,1,0,5,23126.441656498653
0,0,1,2,1,1,5,21727.010554175915
0,0,1,1,0,2,5,21711.004192578846
0,0,1,0,1,2,5,21707.607310889834
0,0,1,2,0,2,5,21713.00410358319
0,0,1,1,0,0,5,21738.893107004595
0,0,1,2,0,0,5,21718.75923372765
0,0,1,0,0,0,5,21749.15868966098
0,0,1,0,1,1,5,21739.270258927623
0,0,1,1,1,1,5,21741.03669775596
0,0,1,2,1,2,5,21707.78842702278
0,0,1,0,1,0,5,25339.488939934927
0,0,1,0,0,2,5,21709.00418842615
0,0,1,2,0,1,5,21718.060883007274
0,0,1,1,1,0,5,23850.549899507452
0,0,4,1,1,2,5,21695.827460399967
0,0,4,0,0,1,5,21717.450266713684
0,0,4,1,0,1,5,21719.450247947974
0,0,4,2,1,0,5,23130.03609598025
0,0,4,2,1,1,5,21729.213116458362
0,0,4,1,0,2,5,21698.84952769408
0,0,4,0,1,2,5,21695.429170086776
0,0,4,2,0,2,5,21700.84916353633
0,0,4,1,0,0,5,21742.201431569534
0,0,4,2,0,0,5,21722.27497473883
0,0,4,0,0,0,5,21742.162095077547
0,0,4,0,1,1,5,21732.260270727398
0,0,4,1,1,1,5,21729.071422521112
0,0,4,2,1,2,5,21692.948447016766
0,0,4,0,1,0,5,25015.897415678766
0,0,4,0,0,2,5,21701.427063133728
0,0,4,2,0,1,5,21721.448351178333
0,0,4,1,1,0,5,23851.60563499855
4,0,2,1,1,2,5,21709.366875280022
4,0,2,0,0,1,5,21727.41231067585
4,0,2,1,0,1,5,21722.223488517335
4,0,2,2,1,0,5,22858.473182994876
4,0,2,2,1,1,5,21706.28646167402
4,0,2,1,0,2,5,21713.69102258035
4,0,2,0,1,2,5,21709.031387351348
4,0,2,2,0,2,5,21711.468144804716
4,0,2,1,0,0,5,21721.28135392769
4,0,2,2,0,0,5,21708.97625240405
4,0,2,0,0,0,5,21748.36678204231
4,0,2,0,1,1,5,21741.679406986255
4,0,2,1,1,1,5,21738.6795604433
4,0,2,2,1,2,5,21706.787474869776
4,0,2,0,1,0,5,25063.626362887568
4,0,2,0,0,2,5,21711.73018863902
4,0,2,2,0,1,5,21709.71103121303
4,0,2,1,1,0,5,23445.079079814688
2,1,0,1,1,2,5,23128.207441632432
2,1,0,0,0,1,5,23149.875354553787
2,1,0,1,0,1,5,23148.168128192505
2,1,0,2,1,0,5,24522.10053909575
2,1,0,2,1,1,5,23125.24259955206
2,1,0,1,0,2,5,23137.546978604536
2,1,0,0,1,2,5,23120.604407536797
2,1,0,2,0,2,5,23129.242997070687
2,1,0,1,0,0,5,23146.99202753797
2,1,0,2,0,0,5,23130.680302569024
2,1,0,0,0,0,5,23178.29078730982
2,1,0,0,1,1,5,23158.038810304373
2,1,0,1,1,1,5,23152.153513460107
2,1,0,2,1,2,5,23125.785917454195
2,1,0,0,1,0,5,26786.2382803968
2,1,0,0,0,2,5,23135.710899223537
2,1,0,2,0,1,5,23129.833003380743
2,1,0,1,1,0,5,25241.037323169803
1,0,2,1,1,2,5,21704.34078191974
1,0,2,0,0,1,5,21722.962494577245
1,0,2,1,0,1,5,21724.954719830363
1,0,2,2,1,0,5,22912.093585186733
1,0,2,2,1,1,5,21723.04577306334
1,0,2,1,0,2,5,21710.116862759678
1,0,2,0,1,2,5,21703.815874371343
1,0,2,2,0,2,5,21712.11677728965
1,0,2,1,0,0,5,21733.742472571004
1,0,2,2,0,0,5,21719.02701357774
1,0,2,0,0,0,5,21748.748496202876
1,0,2,0,1,1,5,21739.306104182793
1,0,2,1,1,1,5,21740.023188893778
1,0,2,2,1,2,5,21705.866678344013
1,0,2,0,1,0,5,24772.525555384713
1,0,2,0,0,2,5,21708.116857740548
1,0,2,2,0,1,5,21717.398453195885
1,0,2,1,1,0,5,23524.433883941063
0,0,2,1,1,2,5,21704.347451783346
0,0,2,0,0,1,5,21724.59405360257
0,0,2,1,0,1,5,21726.32553290553
0,0,2,2,1,0,5,23127.667377909544
0,0,2,2,1,1,5,21727.706410633982
0,0,2,1,0,2,5,21708.529205697403
0,0,2,0,1,2,5,21703.798228960008
0,0,2,2,0,2,5,21710.529134923872
0,0,2,1,0,0,5,21740.48570779586
0,0,2,2,0,0,5,21720.412846526066
0,0,2,0,0,0,5,21747.29186135918
0,0,2,0,1,1,5,21737.369873791064
0,0,2,1,1,1,5,21739.033309505438
0,0,2,2,1,2,5,21703.597472582904
0,0,2,0,1,0,5,25336.74868089507
0,0,2,0,0,2,5,21706.529206920015
0,0,2,2,0,1,5,21719.716743319936
0,0,2,1,1,0,5,23851.73150581484
1,1,0,1,1,2,5,23796.627070579925
1,1,0,0,0,1,5,23821.862177451378
1,1,0,1,0,1,5,23823.862155204217
1,1,0,2,1,0,5,25201.25199808151
1,1,0,2,1,1,5,23796.679426027295
1,1,0,1,0,2,5,23805.98469321295
1,1,0,0,1,2,5,23790.851488292734
1,1,0,2,0,2,5,23807.9844696491
1,1,0,1,0,0,5,23823.19373448674
1,1,0,2,0,0,5,23804.974159026053
1,1,0,0,0,0,5,23853.654498167634
1,1,0,0,1,1,5,23827.883966429523
1,1,0,1,1,1,5,23829.7274210994
1,1,0,2,1,2,5,23797.47988740224
1,1,0,0,1,0,5,27412.240833630065
1,1,0,0,0,2,5,23804.933811830946
1,1,0,2,0,1,5,23807.02237910298
1,1,0,1,1,0,5,25902.195631313232
3,1,4,1,1,2,5,21726.3668021396
3,1,4,0,0,1,5,21729.506323572565
3,1,4,1,0,1,5,21731.451498175076
3,1,4,2,1,0,5,22639.745466624292
3,1,4,2,1,1,5,21731.141465509754
3,1,4,1,0,2,5,21711.711855472167
3,1,4,0,1,2,5,21723.55937272255
3,1,4,2,0,2,5,21713.830865569707
3,1,4,1,0,0,5,21736.954632852623
3,1,4,2,0,0,5,21717.70347929083
3,1,4,0,0,0,5,21747.760252480854
3,1,4,0,1,1,5,21747.639120509135
3,1,4,1,1,1,5,21750.58605082225
3,1,4,2,1,2,5,21723.51907118647
3,1,4,0,1,0,5,23987.874701636476
3,1,4,0,0,2,5,21709.582500020275
3,1,4,2,0,1,5,21719.90934491555
3,1,4,1,1,0,5,23118.741637547922
3,0,3,1,1,2,5,21702.57308286942
3,0,3,0,0,1,5,21718.518803249743
3,0,3,1,0,1,5,21719.475196445797
3,0,3,2,1,0,5,22886.91534481414
3,0,3,2,1,1,5,21709.366699826187
3,0,3,1,0,2,5,21706.24460702655
3,0,3,0,1,2,5,21700.993864413605
3,0,3,2,0,2,5,21708.304637051002
3,0,3,1,0,0,5,21725.194627835295
3,0,3,2,0,0,5,21711.118878117733
3,0,3,0,0,0,5,21749.52763419126
3,0,3,0,1,1,5,21735.161636068933
3,0,3,1,1,1,5,21738.993729465157
3,0,3,2,1,2,5,21704.835502717655
3,0,3,0,1,0,5,23558.787005520608
3,0,3,0,0,2,5,21704.24629722002
3,0,3,2,0,1,5,21711.778554652832
3,0,3,1,1,0,5,23488.395040401265
0,1,1,1,1,2,5,21733.64791639531
0,1,1,0,0,1,5,21740.603993253684
0,1,1,1,0,1,5,21742.628247771725
0,1,1,2,1,0,5,23145.714779934708
0,1,1,2,1,1,5,21749.152447805947
0,1,1,1,0,2,5,21723.705045453327
0,1,1,0,1,2,5,21733.106126394538
0,1,1,2,0,2,5,21725.70475203469
0,1,1,1,0,0,5,21751.23698627927
0,1,1,2,0,0,5,21729.766757549198
0,1,1,0,0,0,5,21762.703492839
0,1,1,0,1,1,5,21761.95298297848
0,1,1,1,1,1,5,21763.91909508396
0,1,1,2,1,2,5,21736.22957705283
0,1,1,0,1,0,5,25360.600412576285
0,1,1,0,0,2,5,21721.705027984965
0,1,1,2,0,1,5,21731.6732867922
0,1,1,1,1,0,5,23868.475696511825
3,1,2,1,1,2,5,21729.238948198763
3,1,2,0,0,1,5,21732.272100709026
3,1,2,1,0,1,5,21734.02623099918
3,1,2,2,1,0,5,23109.090778642065
3,1,2,2,1,1,5,21726.315717353747
3,1,2,1,0,2,5,21718.313530469964
3,1,2,0,1,2,5,21725.900313169608
3,1,2,2,0,2,5,21720.30703675113
3,1,2,1,0,0,5,21732.32593728471
3,1,2,2,0,0,5,21720.15233771674
3,1,2,0,0,0,5,21756.86810480054
3,1,2,0,1,1,5,21755.524856663884
3,1,2,1,1,1,5,21759.318689900378
3,1,2,2,1,2,5,21731.272242356863
3,1,2,0,1,0,5,25210.585829139705
3,1,2,0,0,2,5,21716.515428022954
3,1,2,2,0,1,5,21718.424550548047
3,1,2,1,1,0,5,23834.194161805168
0,0,3,1,1,2,5,21698.81082155388
0,0,3,0,0,1,5,21716.410759208884
0,0,3,1,0,1,5,21718.222642452383
0,0,3,2,1,0,5,23128.194754254575
0,0,3,2,1,1,5,21729.01646229607
0,0,3,1,0,2,5,21705.883771523288
0,0,3,0,1,2,5,21698.62206349786
0,0,3,2,0,2,5,21707.883706796114
0,0,3,1,0,0,5,21741.07156541846
0,0,3,2,0,0,5,21721.02584527569
0,0,3,0,0,0,5,21744.35253551427
0,0,3,0,1,1,5,21734.448044580844
0,0,3,1,1,1,5,21735.153572126674
0,0,3,2,1,2,5,21699.827811977797
0,0,3,0,1,0,5,25127.155646199724
0,0,3,0,0,2,5,21703.883773893627
0,0,3,2,0,1,5,21720.409148909974
0,0,3,1,1,0,5,23849.646755300324
4,0,4,1,1,2,5,21702.74816730688
4,0,4,0,0,1,5,21733.06519911094
4,0,4,1,0,1,5,21734.84377253262
4,0,4,2,1,0,5,22391.310551626146
4,0,4,2,1,1,5,21707.15582051412
4,0,4,1,0,2,5,21706.022844644052
4,0,4,0,1,2,5,21703.113996946526
4,0,4,2,0,2,5,21708.842876035615
4,0,4,1,0,0,5,21722.4675275486
4,0,4,2,0,0,5,21708.86930440148
4,0,4,0,0,0,5,21745.277567681424
4,0,4,0,1,1,5,21738.649177399453
4,0,4,1,1,1,5,21735.21166235576
4,0,4,2,1,2,5,21704.227010531293
4,0,4,0,1,0,5,23407.73370315686
4,0,4,0,0,2,5,21704.00850312865
4,0,4,2,0,1,5,21710.175724596433
4,0,4,1,1,0,5,22754.553738039074
0,1,4,1,1,2,5,21715.743661660203
0,1,4,0,0,1,5,21722.919383329398
0,1,4,1,0,1,5,21724.876457474875
0,1,4,2,1,0,5,23132.638817340496
0,1,4,2,1,1,5,21751.85662863445
0,1,4,1,0,2,5,21706.70844915259
0,1,4,0,1,2,5,21711.32993668885
0,1,4,2,0,2,5,21708.681435106864
0,1,4,1,0,0,5,21746.381997988
0,1,4,2,0,0,5,21724.971740912573
0,1,4,0,0,0,5,21744.959147669688
0,1,4,0,1,1,5,21746.096441913825
0,1,4,1,1,1,5,21743.700443977956
0,1,4,2,1,2,5,21716.720416873148
0,1,4,0,1,0,5,25130.861853579736
0,1,4,0,0,2,5,21704.677181980107
0,1,4,2,0,1,5,21726.895670290673
0,1,4,1,1,0,5,23854.89425128649
3,0,2,1,1,2,5,21707.711388447748
3,0,2,0,0,1,5,21723.981809868106
3,0,2,1,0,1,5,21725.154418227932
3,0,2,2,1,0,5,22862.919132031122
3,0,2,2,1,1,5,21708.820343024032
3,0,2,1,0,2,5,21709.801101808487
3,0,2,0,1,2,5,21707.562150425078
3,0,2,2,0,2,5,21712.114997042198
3,0,2,1,0,0,5,21724.146021690336
3,0,2,2,0,0,5,21710.04829211164
3,0,2,0,0,0,5,21750.067630712212
3,0,2,0,1,1,5,21741.97710637802
3,0,2,1,1,1,5,21744.039786422596
3,0,2,2,1,2,5,21709.526191865785
3,0,2,0,1,0,5,24610.485947360532
3,0,2,0,0,2,5,21707.053400250847
3,0,2,2,0,1,5,21710.12932826263
3,0,2,1,1,0,5,23434.076713259456
0,0,0,1,1,2,5,21730.313870968
0,0,0,0,0,1,5,21738.47943236091
0,0,0,1,0,1,5,21740.480160735075
0,0,0,2,1,0,5,23141.34014513794
0,0,0,2,1,1,5,21733.31658553528
0,0,0,1,0,2,5,21721.56459465508
0,0,0,0,1,2,5,21728.367927846783
0,0,0,2,0,2,5,21723.564514182905
0,0,0,1,0,0,5,21745.988221261432
0,0,0,2,0,0,5,21726.090425936607
0,0,0,0,0,0,5,21762.33676446681
0,0,0,0,1,1,5,21748.880601140114
0,0,0,1,1,1,5,21750.664595061797
0,0,0,2,1,2,5,21731.062450731777
0,0,0,0,1,0,5,25360.387418035498
0,0,0,0,0,2,5,21719.56459015535
0,0,0,2,0,1,5,21725.28766192569
0,0,0,1,1,0,5,23863.228932828562
2,0,2,1,1,2,5,21705.788921271524
2,0,2,0,0,1,5,21729.020353916032
2,0,2,1,0,1,5,21730.80276731043
2,0,2,2,1,0,5,23102.369042903534
2,0,2,2,1,1,5,21711.8031932355
2,0,2,1,0,2,5,21711.879061006588
2,0,2,0,1,2,5,21706.020620752362
2,0,2,2,0,2,5,21714.36053422969
2,0,2,1,0,0,5,21732.921726702858
2,0,2,2,0,0,5,21712.353300973053
2,0,2,0,0,0,5,21748.435158268418
2,0,2,0,1,1,5,21740.848755606814
2,0,2,1,1,1,5,21741.991409236973
2,0,2,2,1,2,5,21707.882877617707
2,0,2,0,1,0,5,24727.937854967742
2,0,2,0,0,2,5,21705.64606436968
2,0,2,2,0,1,5,21716.890664869174
2,0,2,1,1,0,5,23492.263992160595
3,0,1,1,1,2,5,21709.654294135587
3,0,1,0,0,1,5,21728.783701760218
3,0,1,1,0,1,5,21726.68763563376
3,0,1,2,1,0,5,23097.146752043984
3,0,1,2,1,1,5,21706.947658878125
3,0,1,1,0,2,5,21716.097044986185
3,0,1,0,1,2,5,21709.915386612643
3,0,1,2,0,2,5,21713.3922032873
3,0,1,1,0,0,5,21724.80307086423
3,0,1,2,0,0,5,21711.971064340738
3,0,1,0,0,0,5,21750.945371169037
3,0,1,0,1,1,5,21744.805653019146
3,0,1,1,1,1,5,21743.778751722057
3,0,1,2,1,2,5,21706.077327681967
3,0,1,0,1,0,5,25339.179367547018
3,0,1,0,0,2,5,21714.648619976433
3,0,1,2,0,1,5,21711.1850738797
3,0,1,1,1,0,5,23832.851649539494
0,1,3,1,1,2,5,21722.387674847352
0,1,3,0,0,1,5,21731.052770852133
0,1,3,1,0,1,5,21733.01585628335
0,1,3,2,1,0,5,23132.144307735532
0,1,3,2,1,1,5,21743.56179509654
0,1,3,1,0,2,5,21711.772963673735
0,1,3,0,1,2,5,21719.619648362874
0,1,3,2,0,2,5,21713.56420985623
0,1,3,1,0,0,5,21745.86249833995
0,1,3,2,0,0,5,21724.286293077497
0,1,3,0,0,0,5,21749.56095106555
0,1,3,0,1,1,5,21748.041649754436
0,1,3,1,1,1,5,21749.102039457634
0,1,3,2,1,2,5,21723.194342582436
0,1,3,0,1,0,5,25344.49807838123
0,1,3,0,0,2,5,21708.9278899508
0,1,3,2,0,1,5,21726.197483637006
0,1,3,1,1,0,5,23857.069956873158
2,1,4,1,1,2,5,21726.28373966066
2,1,4,0,0,1,5,21726.43727292469
2,1,4,1,0,1,5,21730.082102345317
2,1,4,2,1,0,5,22638.285820248184
2,1,4,2,1,1,5,21733.56168815191
2,1,4,1,0,2,5,21709.284560347798
2,1,4,0,1,2,5,21721.39731164922
2,1,4,2,0,2,5,21710.70727172546
2,1,4,1,0,0,5,21743.081306843545
2,1,4,2,0,0,5,21718.875394083945
2,1,4,0,0,0,5,21746.855092370173
2,1,4,0,1,1,5,21748.189818583094
2,1,4,1,1,1,5,21749.768363534284
2,1,4,2,1,2,5,21721.5421705483
2,1,4,0,1,0,5,24068.249195817396
2,1,4,0,0,2,5,21706.93748004992
2,1,4,2,0,1,5,21718.5664143573
2,1,4,1,1,0,5,23120.948751757227
3,0,4,1,1,2,5,21701.329503549183
3,0,4,0,0,1,5,21723.44823827991
3,0,4,1,0,1,5,21733.23704746857
3,0,4,2,1,0,5,22855.70929554222
3,0,4,2,1,1,5,21710.848156732514
3,0,4,1,0,2,5,21704.561229283398
3,0,4,0,1,2,5,21700.119421383984
3,0,4,2,0,2,5,21706.959221552293
3,0,4,1,0,0,5,21727.20303837732
3,0,4,2,0,0,5,21714.00395463194
3,0,4,0,0,0,5,21739.21659236471
3,0,4,0,1,1,5,21728.040382904044
3,0,4,1,1,1,5,21733.32840988965
3,0,4,2,1,2,5,21700.840789517773
3,0,4,0,1,0,5,23298.293205100388
3,0,4,0,0,2,5,21702.551171531224
3,0,4,2,0,1,5,21713.730404806127
3,0,4,1,1,0,5,23022.42389502501
3,1,3,1,1,2,5,21726.51679118072
3,1,3,0,0,1,5,21737.17800367711
3,1,3,1,0,1,5,21739.18671758802
3,1,3,2,1,0,5,22686.738929024432
3,1,3,2,1,1,5,21729.68861303987
3,1,3,1,0,2,5,21710.75288595619
3,1,3,0,1,2,5,21725.44292972193
3,1,3,2,0,2,5,21712.96156742634
3,1,3,1,0,0,5,21740.07765213638
3,1,3,2,0,0,5,21713.30312245831
3,1,3,0,0,0,5,21749.25479469495
3,1,3,0,1,1,5,21751.086358094522
3,1,3,1,1,1,5,21753.86009916725
3,1,3,2,1,2,5,21728.802929159996
3,1,3,0,1,0,5,23976.401519653675
3,1,3,0,0,2,5,21708.387223113892
3,1,3,2,0,1,5,21715.13080831771
3,1,3,1,1,0,5,23090.873267737505
3,1,1,1,1,2,5,21730.76091067341
3,1,1,0,0,1,5,21736.129484531808
3,1,1,1,0,1,5,21730.662771213185
3,1,1,2,1,0,5,23109.69056819788
3,1,1,2,1,1,5,21725.2878731386
3,1,1,1,0,2,5,21719.391001606986
3,1,1,0,1,2,5,21728.94499859972
3,1,1,2,0,2,5,21717.894349318794
3,1,1,1,0,0,5,21729.991961084357
3,1,1,2,0,0,5,21714.9501699306
3,1,1,0,0,0,5,21755.159567162438
3,1,1,0,1,1,5,21758.247800828096
3,1,1,1,1,1,5,21756.255528941736
3,1,1,2,1,2,5,21731.138735420376
3,1,1,0,1,0,5,25344.828294290026
3,1,1,0,0,2,5,21717.405275741057
3,1,1,2,0,1,5,21716.01417036571
3,1,1,1,1,0,5,23835.209856772704
2,0,1,1,1,2,5,21709.959750720773
2,0,1,0,0,1,5,21727.079517931244
2,0,1,1,0,1,5,21729.07688451084
2,0,1,2,1,0,5,23099.920275814937
2,0,1,2,1,1,5,21710.477282843356
2,0,1,1,0,2,5,21714.043544495522
2,0,1,0,1,2,5,21718.36855430802
2,0,1,2,0,2,5,21716.04333842105
2,0,1,1,0,0,5,21727.232962214763
2,0,1,2,0,0,5,21716.578058932173
2,0,1,0,0,0,5,21760.53440254891
2,0,1,0,1,1,5,21742.923202285063
2,0,1,1,1,1,5,21747.202244899825
2,0,1,2,1,2,5,21710.77999290482
2,0,1,0,1,0,5,25343.079943733253
2,0,1,0,0,2,5,21712.043722065908
2,0,1,2,0,1,5,21714.51302247737
2,0,1,1,1,0,5,23837.156886973666
4,0,1,1,1,2,5,21711.339675526397
4,0,1,0,0,1,5,21730.551302362474
4,0,1,1,0,1,5,21721.361619254254
4,0,1,2,1,0,5,23095.08363222888
4,0,1,2,1,1,5,21703.503117760996
4,0,1,1,0,2,5,21718.61770727868
4,0,1,0,1,2,5,21712.760980560426
4,0,1,2,0,2,5,21711.05415480308
4,0,1,1,0,0,5,21719.61392824303
4,0,1,2,0,0,5,21708.29679552701
4,0,1,0,0,0,5,21748.406434453063
4,0,1,0,1,1,5,21746.9819954922
4,0,1,1,1,1,5,21738.610576586958
4,0,1,2,1,2,5,21703.3127337368
4,0,1,0,1,0,5,25000.352013165677
4,0,1,0,0,2,5,21716.097049423177
4,0,1,2,0,1,5,21709.162362048577
4,0,1,1,1,0,5,23790.73585939683
1,1,1,1,1,2,5,21728.068348853103
1,1,1,0,0,1,5,21733.602645624636
1,1,1,1,0,1,5,21735.54969587903
1,1,1,2,1,0,5,23120.414596427658
1,1,1,2,1,1,5,21730.484330362146
1,1,1,1,0,2,5,21716.422705150933
1,1,1,0,1,2,5,21726.60809550823
1,1,1,2,0,2,5,21718.422344592414
1,1,1,1,0,0,5,21742.050048949088
1,1,1,2,0,0,5,21719.15108395806
1,1,1,0,0,0,5,21755.26431812882
1,1,1,0,1,1,5,21754.76724703903
1,1,1,1,1,1,5,21756.764138133527
1,1,1,2,1,2,5,21730.04502843984
1,1,1,0,1,0,5,25347.500485440236
1,1,1,0,0,2,5,21714.422699254123
1,1,1,2,0,1,5,21720.673053733513
1,1,1,1,1,0,5,23843.673903857292
2,0,0,1,1,2,5,21725.003485942387
2,0,0,0,0,1,5,21733.301561691384
2,0,0,1,0,1,5,21730.408503358572
2,0,0,2,1,0,5,23099.839145158396
2,0,0,2,1,1,5,21709.826485592184
2,0,0,1,0,2,5,21716.26842164342
2,0,0,0,1,2,5,21723.058935520232
2,0,0,2,0,2,5,21714.755661370255
2,0,0,1,0,0,5,21728.64649823008
2,0,0,2,0,0,5,21713.550674677022
2,0,0,0,0,0,5,21750.980094461527
2,0,0,0,1,1,5,21745.101534499117
2,0,0,1,1,1,5,21742.81352839287
2,0,0,2,1,2,5,21709.40915545084
2,0,0,0,1,0,5,25341.149266318083
2,0,0,0,0,2,5,21714.268365306983
2,0,0,2,0,1,5,21712.85650001693
2,0,0,1,1,0,5,23835.23799842481
1,0,1,1,1,2,5,21710.00763743423
1,0,1,0,0,1,5,21728.72208401723
1,0,1,1,0,1,5,21730.548650113826
1,0,1,2,1,0,5,23115.780926561965
1,0,1,2,1,1,5,21723.196206729484
1,0,1,1,0,2,5,21712.824261471065
1,0,1,0,1,2,5,21709.526288841967
1,0,1,2,0,2,5,21714.849153596122
1,0,1,1,0,0,5,21733.44528517271
1,0,1,2,0,0,5,21717.06388872052
1,0,1,0,0,0,5,21750.84993516303
1,0,1,0,1,1,5,21740.82438261273
1,0,1,1,1,1,5,21742.60052465287
1,0,1,2,1,2,5,21709.473146384138
1,0,1,0,1,0,5,25341.188893084753
1,0,1,0,0,2,5,21710.824265671046
1,0,1,2,0,1,5,21716.30321476824
1,0,1,1,1,0,5,23839.315154494077
4,0,3,1,1,2,5,21705.087539857548
4,0,3,0,0,1,5,21721.47887766586
4,0,3,1,0,1,5,21725.78833116904
4,0,3,2,1,0,5,22848.323238602443
4,0,3,2,1,1,5,21706.211398592626
4,0,3,1,0,2,5,21708.381102066032
4,0,3,0,1,2,5,21702.938110913055
4,0,3,2,0,2,5,21705.092340447613
4,0,3,1,0,0,5,21721.519034916884
4,0,3,2,0,0,5,21707.955917461164
4,0,3,0,0,0,5,21747.54149198737
4,0,3,0,1,1,5,21737.739902916976
4,0,3,1,1,1,5,21737.642082035494
4,0,3,2,1,2,5,21706.278311641614
4,0,3,0,1,0,5,23190.824006603863
4,0,3,0,0,2,5,21706.38182842684
4,0,3,2,0,1,5,21708.67123846812
4,0,3,1,1,0,5,23344.15075462924
3,1,0,1,1,2,5,22783.599860267357
3,1,0,0,0,1,5,22809.884068503983
3,1,0,1,0,1,5,22803.040980480877
3,1,0,2,1,0,5,24183.2719810192
3,1,0,2,1,1,5,22781.86561559526
3,1,0,1,0,2,5,22797.31066359559
3,1,0,0,1,2,5,22781.59975942182
3,1,0,2,0,2,5,22786.991033992752
3,1,0,1,0,0,5,22801.637029893584
3,1,0,2,0,0,5,22786.818284933775
3,1,0,0,0,0,5,22832.700919730298
3,1,0,0,1,1,5,22824.582705428726
3,1,0,1,1,1,5,22811.35835958292
3,1,0,2,1,2,5,22783.32867662473
3,1,0,0,1,0,5,26382.696808590732
3,1,0,0,0,2,5,22795.31203745665
3,1,0,2,0,1,5,22786.1423877853
3,1,0,1,1,0,5,24877.12561987272
3,0,0,1,1,2,5,21725.92112652741
3,0,0,0,0,1,5,21733.983894436875
3,0,0,1,0,1,5,21726.052256170915
3,0,0,2,1,0,5,23095.16944767317
3,0,0,2,1,1,5,21705.032105560298
3,0,0,1,0,2,5,21718.176228006523
3,0,0,0,1,2,5,21723.585173161395
3,0,0,2,0,2,5,21711.46636096561
3,0,0,1,0,0,5,21725.40181429022
3,0,0,2,0,0,5,21710.196202249805
3,0,0,0,0,0,5,21749.363972827687
3,0,0,0,1,1,5,21746.45932964459
3,0,0,1,1,1,5,21743.17420495529
3,0,0,2,1,2,5,21704.53613330623
3,0,0,0,1,0,5,25337.402726496686
3,0,0,0,0,2,5,21716.17991003451
3,0,0,2,0,1,5,21709.570625459586
3,0,0,1,1,0,5,23830.951824124462
4,1,2,1,1,2,5,21854.22961754031
4,1,2,0,0,1,5,21733.0876830781
4,1,2,1,0,1,5,21736.23656465485
4,1,2,2,1,0,5,24225.023913797966
4,1,2,2,1,1,5,22334.72927219631
4,1,2,1,0,2,5,21720.341897670787
4,1,2,0,1,2,5,22508.526990530176
4,1,2,2,0,2,5,21715.54909499526
4,1,2,1,0,0,5,21735.920570040707
4,1,2,2,0,0,5,21714.346644593024
4,1,2,0,0,0,5,21756.63085298185
4,1,2,0,1,1,5,22946.17950381214
4,1,2,1,1,1,5,22425.17600818543
4,1,2,2,1,2,5,22876.661431501405
4,1,2,0,1,0,5,25781.295083373527
4,1,2,0,0,2,5,21717.998737747308
4,1,2,2,0,1,5,21716.234076570407
4,1,2,1,1,0,5,24829.48153261518
0,1,0,1,1,2,5,25420.349828657047
0,1,0,0,0,1,5,25441.56516690388
0,1,0,1,0,1,5,25439.467580569722
0,1,0,2,1,0,5,26872.261679159434
0,1,0,2,1,1,5,25433.351498618864
0,1,0,1,0,2,5,25424.758069902546
0,1,0,0,1,2,5,25417.058826732646
0,1,0,2,0,2,5,25426.743410605573
0,1,0,1,0,0,5,25448.295106677244
0,1,0,2,0,0,5,25428.081616330877
0,1,0,0,0,0,5,25466.62858833609
0,1,0,0,1,1,5,25451.17925270072
0,1,0,1,1,1,5,25452.976276236965
0,1,0,2,1,2,5,25421.015408735646
0,1,0,0,1,0,5,29032.24926693544
0,1,0,0,0,2,5,25422.77429095305
0,1,0,2,0,1,5,25427.717502489835
0,1,0,1,1,0,5,27559.551378112417
2,1,3,1,1,2,5,21723.765035393466
2,1,3,0,0,1,5,21734.700298103096
2,1,3,1,0,1,5,21736.016371071484
2,1,3,2,1,0,5,23118.364400860042
2,1,3,2,1,1,5,21731.39308054249
2,1,3,1,0,2,5,21713.855503398976
2,1,3,0,1,2,5,21722.88835149513
2,1,3,2,0,2,5,21715.18829180816
2,1,3,1,0,0,5,21737.92689417518
2,1,3,2,0,0,5,21720.352806443716
2,1,3,0,0,0,5,21752.85755532664
2,1,3,0,1,1,5,21751.198614192566
2,1,3,1,1,1,5,21753.207420412753
2,1,3,2,1,2,5,21727.220497751514
2,1,3,0,1,0,5,24276.932554355473
2,1,3,0,0,2,5,21711.998366051095
2,1,3,2,0,1,5,21722.111077480422
2,1,3,1,1,0,5,23223.61460680796
1,0,4,1,1,2,5,21697.807152864003
1,0,4,0,0,1,5,21719.45027791699
1,0,4,1,0,1,5,21721.450296484207
1,0,4,2,1,0,5,22876.00540672856
1,0,4,2,1,1,5,21726.78085830999
1,0,4,1,0,2,5,21700.477671371274
1,0,4,0,1,2,5,21697.988829319518
1,0,4,2,0,2,5,21702.512144479064
1,0,4,1,0,0,5,21735.944039937185
1,0,4,2,0,0,5,21721.48893240891
1,0,4,0,0,0,5,21740.735676242675
1,0,4,0,1,1,5,21731.51428771606
1,0,4,1,1,1,5,21729.807484795605
1,0,4,2,1,2,5,21695.649233469885
1,0,4,0,1,0,5,23831.43731198133
1,0,4,0,0,2,5,21701.129891892837
1,0,4,2,0,1,5,21719.890784336778
1,0,4,1,1,0,5,23430.88624693465
4,1,4,1,1,2,5,21723.919801429773
4,1,4,0,0,1,5,21730.676912350904
4,1,4,1,0,1,5,21733.287832185466
4,1,4,2,1,0,5,22646.55604339362
4,1,4,2,1,1,5,21729.64168349377
4,1,4,1,0,2,5,21714.068095214716
4,1,4,0,1,2,5,21721.827287688575
4,1,4,2,0,2,5,21716.10036514158
4,1,4,1,0,0,5,21736.546472606828
4,1,4,2,0,0,5,21714.491477380026
4,1,4,0,0,0,5,21749.921208316293
4,1,4,0,1,1,5,21749.031278167065
4,1,4,1,1,1,5,21750.65451250806
4,1,4,2,1,2,5,21730.05105298789
4,1,4,0,1,0,5,23914.255493093224
4,1,4,0,0,2,5,21711.62177947971
4,1,4,2,0,1,5,21717.95997970919
4,1,4,1,1,0,5,23071.662619974384
4,1,0,1,1,2,5,21775.41123346572
4,1,0,0,0,1,5,21745.55613316825
4,1,0,1,0,1,5,21741.716177109112
4,1,0,2,1,0,5,24046.510587413577
4,1,0,2,1,1,5,22100.909708043266
4,1,0,1,0,2,5,21741.61163080112
4,1,0,0,1,2,5,21767.924420940228
4,1,0,2,0,2,5,21719.952335501403
4,1,0,1,0,0,5,22310.693468046524
4,1,0,2,0,0,5,22092.74532798007
4,1,0,0,0,0,5,22672.11448661006
4,1,0,0,1,1,5,22677.08135793043
4,1,0,1,1,1,5,22321.236412530263
4,1,0,2,1,2,5,21791.968097224068
4,1,0,0,1,0,5,26120.450625806883
4,1,0,0,0,2,5,21740.840839409942
4,1,0,2,0,1,5,21715.229006807178
4,1,0,1,1,0,5,24860.27675491509
4,1,1,1,1,2,5,21731.80018621812
4,1,1,0,0,1,5,21737.0416365564
4,1,1,1,0,1,5,21732.48665623984
4,1,1,2,1,0,5,23094.173626090604
4,1,1,2,1,1,5,21721.101833682893
4,1,1,1,0,2,5,21720.867138662474
4,1,1,0,1,2,5,21729.78954340847
4,1,1,2,0,2,5,21714.774761572102
4,1,1,1,0,0,5,21732.5344723207
4,1,1,2,0,0,5,21710.7928999701
4,1,1,0,0,0,5,21752.927975448096
4,1,1,0,1,1,5,21759.998665925574
4,1,1,1,1,1,5,21750.760871846775
4,1,1,2,1,2,5,21725.09668650797
4,1,1,0,1,0,5,25338.71024728618
4,1,1,0,0,2,5,21718.878733868085
4,1,1,2,0,1,5,21712.703015838226
4,1,1,1,1,0,5,23824.17828554011
1,1,4,1,1,2,5,21715.100370012624
1,1,4,0,0,1,5,21724.445235315296
1,1,4,1,0,1,5,21727.912214939013
1,1,4,2,1,0,5,23121.911678998884
1,1,4,2,1,1,5,21735.43934256746
1,1,4,1,0,2,5,21708.129700229467
1,1,4,0,1,2,5,21714.12602064177
1,1,4,2,0,2,5,21710.112776139365
1,1,4,1,0,0,5,21743.67352292328
1,1,4,2,0,0,5,21723.795704846492
1,1,4,0,0,0,5,21747.520471425203
1,1,4,0,1,1,5,21748.952972378287
1,1,4,1,1,1,5,21746.06678992009
1,1,4,2,1,2,5,21719.804496387645
1,1,4,0,1,0,5,24418.254918710623
1,1,4,0,0,2,5,21706.17146736078
1,1,4,2,0,1,5,21725.619879653404
1,1,4,1,1,0,5,23845.468443044483
2,1,1,1,1,2,5,21729.2971167506
2,1,1,0,0,1,5,21735.420360153585
2,1,1,1,0,1,5,21737.117598744786
2,1,1,2,1,0,5,23115.153842014894
2,1,1,2,1,1,5,21727.738483525507
2,1,1,1,0,2,5,21718.414288321284
2,1,1,0,1,2,5,21728.29522960483
2,1,1,2,0,2,5,21720.41406010907
2,1,1,1,0,0,5,21735.30848431754
2,1,1,2,0,0,5,21718.600297811623
2,1,1,0,0,0,5,21756.890762883333
2,1,1,0,1,1,5,21756.340290784545
2,1,1,1,1,1,5,21761.691388228028
2,1,1,2,1,2,5,21731.236809156675
2,1,1,0,1,0,5,25349.381072347278
2,1,1,0,0,2,5,21716.41435968407
2,1,1,2,0,1,5,21718.513053803363
2,1,1,1,1,0,5,23840.874671721358
