,mean_fit_time,std_fit_time,mean_score_time,std_score_time,param_n_estimators,param_min_samples_split,param_min_samples_leaf,param_max_features,param_max_depth,param_bootstrap,params,split0_test_neg_mean_squared_error,split1_test_neg_mean_squared_error,split2_test_neg_mean_squared_error,mean_test_neg_mean_squared_error,std_test_neg_mean_squared_error,rank_test_neg_mean_squared_error,split0_train_neg_mean_squared_error,split1_train_neg_mean_squared_error,split2_train_neg_mean_squared_error,mean_train_neg_mean_squared_error,std_train_neg_mean_squared_error,split0_test_acc,split1_test_acc,split2_test_acc,mean_test_acc,std_test_acc,rank_test_acc,split0_train_acc,split1_train_acc,split2_train_acc,mean_train_acc,std_train_acc
0,53.68893917401632,8.38334995767742,0.1809858481089274,0.005810392357443225,400,5,1,sqrt,80,False,"{'n_estimators': 400, 'min_samples_split': 5, 'min_samples_leaf': 1, 'max_features': 'sqrt', 'max_depth': 80, 'bootstrap': False}",-6.117999057011958,-6.365209580655122,-4.60554143705445,-5.696250024907177,0.7778226783621697,28,-0.047069526747524244,-0.04313935848503409,-0.056653827626083,-0.04895423761954711,0.00567593283636747,0.48238057948316365,0.4780564263322884,0.5203761755485894,0.49360439378801385,0.019012641392767628,19,0.9921630094043887,0.9882491186839013,0.990207598903251,0.990206575663847,0.0015978393595192954
1,3876.5190122922263,396.0418668766885,0.44646231333414715,0.0030141513346645062,1600,2,4,auto,110,False,"{'n_estimators': 1600, 'min_samples_split': 2, 'min_samples_leaf': 4, 'max_features': 'auto', 'max_depth': 110, 'bootstrap': False}",-9.512957051984925,-10.08682435245475,-9.340466681732565,-9.646749362057413,0.31904830338300505,41,-0.8473837422831937,-0.9183598261413543,-1.0200821927677586,-0.9286085870641022,0.07087532022399692,0.5199686765857479,0.4780564263322884,0.4945141065830721,0.49751306983370275,0.017241510292723358,7,0.9224137931034483,0.9161770466118292,0.9157853505679593,0.918125396761079,0.0030365675621915654
2,225.51968804995218,19.65847419624412,0.7048807938893636,0.016280910817871294,2000,10,1,sqrt,30,False,"{'n_estimators': 2000, 'min_samples_split': 10, 'min_samples_leaf': 1, 'max_features': 'sqrt', 'max_depth': 30, 'bootstrap': False}",-6.05229924966467,-6.367340174427206,-4.616957992326219,-5.678865805472699,0.7618174972983849,22,-1.391367429127809,-0.4155101318786862,-0.8020867507247935,-0.8696547705770964,0.40124676042610125,0.4722004698512138,0.4717868338557994,0.5195924764890282,0.4878599267320138,0.022438936535186946,37,0.9553291536050157,0.9800235017626322,0.9690560125342734,0.9681362226339738,0.01010238314550629
3,64.63514653841655,7.168131628966863,0.3656892776489258,0.01339120205311806,1000,10,1,sqrt,110,True,"{'n_estimators': 1000, 'min_samples_split': 10, 'min_samples_leaf': 1, 'max_features': 'sqrt', 'max_depth': 110, 'bootstrap': True}",-5.993126809509493,-6.3336928963969505,-4.6095969526824,-5.645472219529616,0.7455532582066375,16,-1.379952829617267,-1.3273431493356327,-1.565476207502442,-1.4242573954851139,0.10214045644935225,0.47846515270164447,0.48040752351097177,0.5133228840125392,0.49073185340838515,0.015993940496504735,28,0.9615987460815048,0.9631805718762241,0.9659224441833137,0.9635672540470143,0.0017861940254447698
4,4406.48819065094,591.2071603323446,0.5536575317382812,0.015386905568383395,2000,10,4,auto,,False,"{'n_estimators': 2000, 'min_samples_split': 10, 'min_samples_leaf': 4, 'max_features': 'auto', 'max_depth': None, 'bootstrap': False}",-9.54706730107917,-10.072912952757333,-9.244470472224315,-9.621483575353606,0.34227919626682074,39,-1.0100162288808148,-1.1107832750858606,-1.219187473512422,-1.1133289924930325,0.08541277384178472,0.5246671887235709,0.47335423197492166,0.5023510971786834,0.5001241726257253,0.021007526862144944,5,0.9086990595611285,0.9032510771641207,0.9012925969447708,0.9044142445566733,0.0031335433520961868
5,1094.273409684499,45.65468152800426,0.17594122886657715,0.011149315113038646,600,10,1,auto,20,False,"{'n_estimators': 600, 'min_samples_split': 10, 'min_samples_leaf': 1, 'max_features': 'auto', 'max_depth': 20, 'bootstrap': False}",-7.941061362913107,-8.803747408243701,-5.726896839958919,-7.490568537038576,1.295880702974342,34,-3.78721099707266,-3.107694122905334,-3.4837712432517973,-3.4595587877432634,0.2779394152458985,0.4510571652310102,0.48667711598746083,0.518025078369906,0.4852531198627923,0.027358072194107238,45,0.515282131661442,0.6239717978848414,0.6220133176654916,0.587089082403925,0.05078147655981415
6,93.23561994234721,13.465524729538677,0.3144059975941976,0.015601703587662264,800,10,2,sqrt,80,False,"{'n_estimators': 800, 'min_samples_split': 10, 'min_samples_leaf': 2, 'max_features': 'sqrt', 'max_depth': 80, 'bootstrap': False}",-6.048044237383791,-6.312232023231683,-4.628951162079886,-5.663075807565121,0.739147767521386,20,-0.38689047296473417,-0.39162003713283855,-0.47928013394911495,-0.4192635480155625,0.042482036475390894,0.4729835552075176,0.49059561128526646,0.5141065830721003,0.4925619165216282,0.0168458822347326,21,0.984717868338558,0.9831570701135919,0.9843321582452017,0.9840690322324505,0.0006638018020986406
7,1310.640137354533,234.3004170920838,0.22694476445515951,0.0013776572939558042,400,2,1,auto,60,False,"{'n_estimators': 400, 'min_samples_split': 2, 'min_samples_leaf': 1, 'max_features': 'auto', 'max_depth': 60, 'bootstrap': False}",-11.412629034930253,-11.245487041158928,-8.996144025814695,-10.551420033967958,1.1018610643432096,47,-0.011172760419872122,-1.598302188259937e-10,-1.2034753642770573e-11,-0.003724253530579031,0.005266889731133862,0.4980422866092404,0.46786833855799376,0.5094043887147336,0.49177167129398924,0.01752714709585673,26,0.9921630094043887,1.0,1.0,0.997387669801463,0.003694392796167953
8,364.80415805180866,15.424081223120307,0.06496977806091309,0.0026713931260854726,200,5,2,auto,20,False,"{'n_estimators': 200, 'min_samples_split': 5, 'min_samples_leaf': 2, 'max_features': 'auto', 'max_depth': 20, 'bootstrap': False}",-8.494750033116054,-9.723828373263588,-6.2451758123417465,-8.154584739573796,1.4403796328514784,35,-3.2134229053519348,-2.356447186240629,-3.814120741007156,-3.1279969441999067,0.5981506188218715,0.4643696162881754,0.493730407523511,0.512539184952978,0.4902130695882215,0.019821799211164007,29,0.552115987460815,0.690560125342734,0.6255385820603212,0.62273823162129,0.056554258904777964
9,117.1809454758962,1.8259569309097214,0.047585090001424156,0.002363666933756164,200,2,2,auto,10,True,"{'n_estimators': 200, 'min_samples_split': 2, 'min_samples_leaf': 2, 'max_features': 'auto', 'max_depth': 10, 'bootstrap': True}",-5.995280395411485,-6.3382176262496355,-4.64900428001412,-5.6608341005584135,0.7290410026789795,19,-3.977622305930393,-3.722282646827654,-4.517958114294255,-4.072621022350767,0.3317061244266151,0.4925606891151135,0.4780564263322884,0.5078369905956113,0.49281803534767105,0.01215922618900382,20,0.6865203761755486,0.7465726596161378,0.6572659616137877,0.6967863324684913,0.03717493753392825
10,42.551215966542564,3.9699034934516533,0.2666482130686442,0.002779300917950311,600,2,1,sqrt,40,True,"{'n_estimators': 600, 'min_samples_split': 2, 'min_samples_leaf': 1, 'max_features': 'sqrt', 'max_depth': 40, 'bootstrap': True}",-5.995907263256243,-6.30184564522076,-4.6245516130926125,-5.6407681738565385,0.7293474924743408,12,-0.8002931879700332,-0.7272166357941965,-0.8478375862630473,-0.7917824700090924,0.04960966077395444,0.47376664056382145,0.46786833855799376,0.5101880877742947,0.48394102229870334,0.018715035420715863,46,0.9690438871473355,0.9698394046220133,0.9682726204465335,0.9690519707386275,0.0006396625003180155
11,3062.3703500429788,380.6352686486211,0.4248214562733968,0.05734447428782713,1200,2,4,auto,50,False,"{'n_estimators': 1200, 'min_samples_split': 2, 'min_samples_leaf': 4, 'max_features': 'auto', 'max_depth': 50, 'bootstrap': False}",-9.51458254760902,-10.086516153341345,-9.335239742288929,-9.645446147746432,0.3203623186660616,40,-0.8708561199346261,-0.9183598261413541,-1.0200821927677584,-0.9364327129479127,0.06224723357409461,0.519185591229444,0.4772727272727273,0.4945141065830721,0.4969908083617478,0.01720024379747627,10,0.9122257053291536,0.9161770466118292,0.9157853505679593,0.9147293675029807,0.00177756381192262
12,3047.372262239456,370.1207735377917,0.4228336016337077,0.058186200754102343,1200,10,4,auto,90,False,"{'n_estimators': 1200, 'min_samples_split': 10, 'min_samples_leaf': 4, 'max_features': 'auto', 'max_depth': 90, 'bootstrap': False}",-9.548396849953535,-10.068852975645399,-9.2471528170448,-9.62146754754791,0.33941349687979805,38,-1.0100162288808148,-1.1107832750858606,-1.219187473512422,-1.1133289924930325,0.08541277384178472,0.5246671887235709,0.47335423197492166,0.5015673981191222,0.4998629396058716,0.020983068836401265,6,0.9086990595611285,0.9032510771641207,0.9012925969447708,0.9044142445566733,0.0031335433520961868
13,3896.596354087194,405.8754707197409,0.49829522768656415,0.009180840370056257,1800,5,4,auto,90,False,"{'n_estimators': 1800, 'min_samples_split': 5, 'min_samples_leaf': 4, 'max_features': 'auto', 'max_depth': 90, 'bootstrap': False}",-9.513832262225025,-10.089584858940173,-9.336930626644538,-9.646782582603246,0.3213294665548498,42,-0.8473837422831937,-0.9183598261413543,-1.0200821927677584,-0.9286085870641022,0.07087532022399683,0.5207517619420516,0.4780564263322884,0.493730407523511,0.49751286526595034,0.017634306727467037,8,0.9224137931034483,0.9161770466118292,0.9157853505679593,0.918125396761079,0.0030365675621915654
14,242.8955521583557,37.19651299766359,0.8118043740590414,0.025336991689314012,1800,5,1,sqrt,,False,"{'n_estimators': 1800, 'min_samples_split': 5, 'min_samples_leaf': 1, 'max_features': 'sqrt', 'max_depth': None, 'bootstrap': False}",-6.112512228571075,-6.3737262274033935,-4.613920506802434,-5.700052987592301,0.7753799123296722,30,-0.046792278149461644,-0.04199104636059714,-0.057106193356661436,-0.04862983928890674,0.006306049496795752,0.4659357870007831,0.47648902821316613,0.524294670846395,0.4889064953534481,0.025391402069222736,32,0.9937304075235109,0.9898159028593811,0.991382687034861,0.991642999139251,0.001608655439622886
15,3157.2132630348206,415.2877843161134,0.3126407464345296,0.025032853730196477,1200,10,2,auto,40,False,"{'n_estimators': 1200, 'min_samples_split': 10, 'min_samples_leaf': 2, 'max_features': 'auto', 'max_depth': 40, 'bootstrap': False}",-10.062794940810706,-11.21525848371754,-9.342956306457333,-10.207003243661859,0.7711359096388195,45,-1.965519488221196,-1.2986861116437183,-0.9513878583429501,-1.4051978194026216,0.4208121501708851,0.4894283476898982,0.47335423197492166,0.5070532915360502,0.48994529040028995,0.013762438644137943,30,0.7272727272727273,0.8202115158636898,0.9106933019976499,0.8193925150446889,0.07488337545749109
16,57.362952629725136,1.1413264745842466,0.2616637547810872,0.008927195103794767,1200,5,1,sqrt,10,False,"{'n_estimators': 1200, 'min_samples_split': 5, 'min_samples_leaf': 1, 'max_features': 'sqrt', 'max_depth': 10, 'bootstrap': False}",-5.943255571791959,-6.288302942205952,-4.605126823981374,-5.612228445993094,0.7259268465216875,5,-3.8818957878059415,-3.4875596458988904,-4.262159187270478,-3.8772048736584366,0.3162463342395427,0.5090054815974941,0.49294670846394983,0.5054858934169278,0.5024793611594572,0.0068920473881167055,2,0.7135579937304075,0.7994516255385821,0.7199373286329808,0.7443156493006567,0.03907391188701735
17,3732.514696677526,431.27273271741916,0.44727317492167157,0.007940622292134604,1600,5,4,auto,90,False,"{'n_estimators': 1600, 'min_samples_split': 5, 'min_samples_leaf': 4, 'max_features': 'auto', 'max_depth': 90, 'bootstrap': False}",-9.517174014856613,-10.093107927318645,-9.341021490384788,-9.650434477520015,0.32117208817798804,43,-0.8473837422831937,-0.9183598261413543,-1.0200821927677586,-0.9286085870641022,0.07087532022399692,0.519185591229444,0.4780564263322884,0.493730407523511,0.4969908083617478,0.01694844558268466,10,0.9224137931034483,0.9161770466118292,0.9157853505679593,0.918125396761079,0.0030365675621915654
18,31.338541746139526,2.697181040463888,0.20719393094380698,0.005382782972578815,600,5,4,sqrt,30,True,"{'n_estimators': 600, 'min_samples_split': 5, 'min_samples_leaf': 4, 'max_features': 'sqrt', 'max_depth': 30, 'bootstrap': True}",-5.974341075495352,-6.294950297919482,-4.596217550611555,-5.621836308008796,0.7369386880963018,6,-1.8242038595995085,-1.7014109039363192,-2.0246293267497304,-1.8500813634285194,0.13321604286474562,0.4792482380579483,0.4725705329153605,0.5141065830721003,0.488641784681803,0.018211533054389852,33,0.9612068965517241,0.9678809244026635,0.9616137877007442,0.9635672028850438,0.003054781508877318
19,50.99595411618551,2.0943776500802502,0.18367711702982584,0.01086585752087663,600,5,2,sqrt,20,False,"{'n_estimators': 600, 'min_samples_split': 5, 'min_samples_leaf': 2, 'max_features': 'sqrt', 'max_depth': 20, 'bootstrap': False}",-5.985590049647786,-6.319010802493709,-4.622531121087025,-5.642377324409506,0.733874221026349,14,-2.1467642127909894,-1.0109254631962048,-1.7213881430377371,-1.6263592730083103,0.46854760048086413,0.4894283476898982,0.47962382445141066,0.5148902821316614,0.49464748475765674,0.014862936074393655,15,0.9200626959247649,0.9651390520955738,0.9314531923227576,0.9388849801143655,0.019137974008830806
20,490.91660078366596,50.0825775827287,0.14241862297058105,0.002083239451113366,400,10,4,auto,40,True,"{'n_estimators': 400, 'min_samples_split': 10, 'min_samples_leaf': 4, 'max_features': 'auto', 'max_depth': 40, 'bootstrap': True}",-6.051712175745597,-6.368177498394572,-4.645538550789703,-5.688476074976624,0.7486995768787765,25,-1.4971074455406548,-1.4340229263078277,-1.7069901040128594,-1.5460401586204473,0.11668641118563483,0.4878621769772905,0.4608150470219436,0.512539184952978,0.487072136317404,0.02112367919911008,44,0.9580721003134797,0.9631805718762241,0.9592636114375245,0.9601720945424095,0.0021822200608154533
21,4104.3471665382385,483.04356525912226,0.5560691356658936,0.016325513337242435,1400,2,1,auto,,False,"{'n_estimators': 1400, 'min_samples_split': 2, 'min_samples_leaf': 1, 'max_features': 'auto', 'max_depth': None, 'bootstrap': False}",-11.509857906138778,-11.234367287138802,-9.006395223461546,-10.583540138913042,1.1208667281885414,48,-1.90086579509437e-10,-1.598302188259937e-10,-1.2034753642770573e-11,-1.206505173260671e-10,7.77898876497065e-11,0.4980422866092404,0.4670846394984326,0.5109717868338558,0.49203290431384294,0.018413852249316062,25,1.0,1.0,1.0,1.0,0.0
22,201.74766731262207,27.706577845086098,0.7614390055338541,0.019237058210229457,2000,2,4,sqrt,60,False,"{'n_estimators': 2000, 'min_samples_split': 2, 'min_samples_leaf': 4, 'max_features': 'sqrt', 'max_depth': 60, 'bootstrap': False}",-6.0008457599747365,-6.3217343102963275,-4.621000628010936,-5.647860232760666,0.7378224047072361,17,-0.5046975279830972,-0.49717837065482234,-0.6194501359750666,-0.540442011537662,0.05595145054461138,0.4768989819890368,0.47648902821316613,0.5094043887147336,0.48759746630564554,0.015420730943367086,38,0.9851097178683386,0.9835487661574618,0.981198589894242,0.9832856913066808,0.0016075108688642838
23,9.428739547729492,0.16249139184702968,0.04570810000101725,0.0019307574262770943,200,10,2,sqrt,10,False,"{'n_estimators': 200, 'min_samples_split': 10, 'min_samples_leaf': 2, 'max_features': 'sqrt', 'max_depth': 10, 'bootstrap': False}",-5.924716413049713,-6.268686151123994,-4.622588712173477,-5.605330425449061,0.7089498108406994,3,-3.902631892716397,-3.4920694827174334,-4.305955571336118,-3.90021898225665,0.33227198489031073,0.5199686765857479,0.47962382445141066,0.5031347962382445,0.500909099091801,0.01654573599201414,4,0.72923197492163,0.8162945554249902,0.7399138268703486,0.7618134524056562,0.03876999208938138
24,122.12790926297505,13.022147637776161,0.6934043566385905,0.0025450124266917376,1800,5,1,sqrt,100,True,"{'n_estimators': 1800, 'min_samples_split': 5, 'min_samples_leaf': 1, 'max_features': 'sqrt', 'max_depth': 100, 'bootstrap': True}",-6.004748178280781,-6.296004138222562,-4.61054072677312,-5.637097681092154,0.7355596027950334,9,-0.9617376035204568,-0.9261287017128138,-1.088758902462937,-0.9922084025654024,0.0698020904406854,0.47141738449490994,0.48197492163009403,0.5078369905956113,0.4870764322402051,0.01529958572448651,42,0.9741379310344828,0.972581276929103,0.9710144927536232,0.9725779002390696,0.001275140573979059
25,21.530614137649536,2.090075138638587,0.14350676536560059,0.006205758961082449,400,5,4,sqrt,40,True,"{'n_estimators': 400, 'min_samples_split': 5, 'min_samples_leaf': 4, 'max_features': 'sqrt', 'max_depth': 40, 'bootstrap': True}",-5.956986846296477,-6.271405231947412,-4.5962325689730665,-5.608208215738986,0.7269964523271116,4,-1.7486631277963818,-1.663602001166563,-2.002792008891963,-1.805019045951636,0.1440936211137988,0.48707909162098667,0.49137931034482757,0.5070532915360502,0.49517056450062147,0.008583797590697604,13,0.9612068965517241,0.9600470035252644,0.9627888758323541,0.9613475919697808,0.001123777064959335
26,111.92323716481526,10.152361783041943,0.6949397722880045,0.027463240520484135,1800,5,2,sqrt,110,True,"{'n_estimators': 1800, 'min_samples_split': 5, 'min_samples_leaf': 2, 'max_features': 'sqrt', 'max_depth': 110, 'bootstrap': True}",-5.973841683559386,-6.297570436696711,-4.613515901640387,-5.628309340632161,0.7296366078478272,7,-1.1303955738765183,-1.107170306851538,-1.3028970342989181,-1.1801543050089915,0.08730859618712838,0.4792482380579483,0.47492163009404387,0.5117554858934169,0.48864178468180297,0.016439024137564675,34,0.9721786833855799,0.9741480611045829,0.9706227967097533,0.9723165137333054,0.0014424793856248322
27,4819.275041182836,388.20882765377075,0.5614235401153564,0.03895040929251537,2000,5,1,auto,40,False,"{'n_estimators': 2000, 'min_samples_split': 5, 'min_samples_leaf': 1, 'max_features': 'auto', 'max_depth': 40, 'bootstrap': False}",-10.221188554083785,-11.120736733074182,-8.789749310577516,-10.043891532578494,0.9598441770535457,44,-1.619889228442895,-0.4867913369634948,-0.42860689157384757,-0.8450958189934124,0.5483763779960441,0.4941268598277212,0.47648902821316613,0.5133228840125392,0.49464625735114215,0.01504184305202778,16,0.70141065830721,0.9040344692518606,0.936545240893067,0.8473301228173792,0.10403078121523314
28,2803.636959950129,173.77664006565308,0.593242327372233,0.06888272126805228,2000,10,1,auto,70,True,"{'n_estimators': 2000, 'min_samples_split': 10, 'min_samples_leaf': 1, 'max_features': 'auto', 'max_depth': 70, 'bootstrap': True}",-6.142854903353737,-6.564343662210539,-4.655605723150646,-5.787601429571641,0.8187282426533391,33,-1.2381025299148356,-1.1618324988456263,-1.3996870427988342,-1.2665406905197651,0.09916398120870619,0.48003132341425214,0.47335423197492166,0.5109717868338558,0.4881191140743432,0.01638758425785249,36,0.9627742946708464,0.9623971797884842,0.954563258911085,0.9599115777901385,0.0037849649961089697
29,244.67455959320068,37.79065210490533,0.8219403425852457,0.010436941397909814,1800,5,1,sqrt,80,False,"{'n_estimators': 1800, 'min_samples_split': 5, 'min_samples_leaf': 1, 'max_features': 'sqrt', 'max_depth': 80, 'bootstrap': False}",-6.1240352658437915,-6.373872105268194,-4.620095248019112,-5.706000873043699,0.7745957575528986,31,-0.04663443454346832,-0.04283569209320755,-0.05715657287527069,-0.04887556650398219,0.006057442306333805,0.4581049334377447,0.48119122257053293,0.5109717868338558,0.48342264761404447,0.02164040188004963,47,0.9925548589341693,0.9894242068155111,0.9905992949471211,0.9908594535656005,0.0012912545713611328
30,104.66430830955505,16.87002646183371,0.3389732042948405,0.012880550183031102,800,10,1,sqrt,60,False,"{'n_estimators': 800, 'min_samples_split': 10, 'min_samples_leaf': 1, 'max_features': 'sqrt', 'max_depth': 60, 'bootstrap': False}",-6.100579344135139,-6.351683644658165,-4.6210944016877,-5.6911191301603345,0.7635347763712711,26,-0.23816555057540545,-0.2213141142156615,-0.28044114891420086,-0.24664027123508925,0.024871231382936166,0.4745497259201253,0.48197492163009403,0.5117554858934169,0.4894267111478787,0.016077189204181427,31,0.9862852664576802,0.9819819819819819,0.981198589894242,0.9831552794446347,0.00223622297891757
31,3200.774074792862,249.0370654147201,0.3774532477060954,0.004322253968832716,1400,2,4,auto,40,False,"{'n_estimators': 1400, 'min_samples_split': 2, 'min_samples_leaf': 4, 'max_features': 'auto', 'max_depth': 40, 'bootstrap': False}",-9.272715573856262,-10.025825915949007,-9.337343793153643,-9.545295094319636,0.3408094331482383,37,-1.1736590885954936,-1.0244287246289439,-1.0268999477491538,-1.0749959203245305,0.06977268957539075,0.5231010180109632,0.47648902821316613,0.49294670846394983,0.4975122515626931,0.019301166390788337,9,0.8510971786833855,0.8875832354093224,0.9134351743047395,0.8840385294658158,0.025572512973782817
32,1821.59050877889,282.08896675347074,0.22514263788859049,0.03661306687429814,600,10,2,auto,70,False,"{'n_estimators': 600, 'min_samples_split': 10, 'min_samples_leaf': 2, 'max_features': 'auto', 'max_depth': 70, 'bootstrap': False}",-11.734153029203824,-11.718873392906195,-9.334772880668018,-10.929266434259347,1.1274944600468695,49,-0.8102398545240723,-0.8800414242522059,-0.9419509060505932,-0.8774107282756237,0.05380297819852454,0.46906812842599843,0.4647335423197492,0.5101880877742947,0.48132991950668086,0.0204823918850568,48,0.9161442006269592,0.90912651782217,0.9165687426556992,0.9139464870349429,0.0034126369464682173
33,1069.6345024903615,18.042531113110613,0.400069793065389,0.013161194218000253,1800,2,1,auto,10,True,"{'n_estimators': 1800, 'min_samples_split': 2, 'min_samples_leaf': 1, 'max_features': 'auto', 'max_depth': 10, 'bootstrap': True}",-5.977038919614562,-6.452005096703122,-4.626606859318953,-5.685216958545546,0.7732570611738948,24,-4.014023251384178,-3.7822215287137646,-4.588399861262442,-4.128214880453462,0.33888117099249204,0.5043069694596711,0.4772727272727273,0.5039184952978056,0.49516606401006796,0.012653493660922523,14,0.6786833855799373,0.7422640031335683,0.6408147277712495,0.6872540388282516,0.04185754365075293
34,117.18754140535991,12.56195867535038,0.6780161062876383,0.009934332618069164,1800,10,1,sqrt,,True,"{'n_estimators': 1800, 'min_samples_split': 10, 'min_samples_leaf': 1, 'max_features': 'sqrt', 'max_depth': None, 'bootstrap': True}",-6.007984025195536,-6.305170422136898,-4.6084282449131475,-5.64052756408186,0.7398205602726191,11,-1.3747166363942978,-1.3288327966519882,-1.5682623261508142,-1.4239372530656997,0.10375813776323649,0.4635865309318716,0.48589341692789967,0.512539184952978,0.48733971093758316,0.020010987127065498,41,0.9647335423197492,0.9694477085781433,0.9616137877007442,0.9652650128662122,0.0032201888955624594
35,87.3775684038798,8.792042838747715,0.5507811705271403,0.004539894844816535,1200,2,1,sqrt,,True,"{'n_estimators': 1200, 'min_samples_split': 2, 'min_samples_leaf': 1, 'max_features': 'sqrt', 'max_depth': None, 'bootstrap': True}",-5.991094326155719,-6.310059778027209,-4.616748671182284,-5.639300925121738,0.7346856805915427,10,-0.7458971420153397,-0.7201105325897986,-0.8372163262841277,-0.7677413336297553,0.05024153832345084,0.47768206734534063,0.47962382445141066,0.5054858934169278,0.48759726173789303,0.012673988129915773,39,0.9745297805642633,0.9768899334116725,0.9733646690168429,0.9749281276642595,0.001466488452601402
36,100.7404735883077,14.139407024817585,0.3894209067026774,0.010752821401746307,1000,2,4,sqrt,,False,"{'n_estimators': 1000, 'min_samples_split': 2, 'min_samples_leaf': 4, 'max_features': 'sqrt', 'max_depth': None, 'bootstrap': False}",-6.01661248595245,-6.324790721717611,-4.604796148367742,-5.648733118679268,0.7488198513827105,18,-0.5054772823104285,-0.4989456356347933,-0.621062921310696,-0.5418286130853059,0.05609053575569242,0.4839467501957713,0.47648902821316613,0.5164576802507836,0.49229781955324037,0.01735278183243214,23,0.9855015673981191,0.9831570701135919,0.9808068938503721,0.9831551771206944,0.0019165929175745564
37,644.7210519313812,62.774520263831924,0.19493420918782553,0.0020999915695583777,400,2,1,auto,60,True,"{'n_estimators': 400, 'min_samples_split': 2, 'min_samples_leaf': 1, 'max_features': 'auto', 'max_depth': 60, 'bootstrap': True}",-6.122840039592416,-6.549511059113386,-4.657818386956732,-5.776723161887511,0.8101328949610425,32,-0.7799246293007445,-0.7405667256608857,-0.8718728942266186,-0.7974547497294163,0.055020034639126206,0.4925606891151135,0.47335423197492166,0.5117554858934169,0.49255680232781734,0.015677246504802712,22,0.9647335423197492,0.9608303956130043,0.9557383470426949,0.9604340949918161,0.0036829494661073403
38,24.11696394284566,3.412537919174666,0.09210316340128581,0.002016015787964044,200,2,2,sqrt,100,False,"{'n_estimators': 200, 'min_samples_split': 2, 'min_samples_leaf': 2, 'max_features': 'sqrt', 'max_depth': 100, 'bootstrap': False}",-6.06716094363811,-6.355206295274697,-4.673924083414455,-5.698763774109087,0.7341502229867142,29,-0.08514657092709742,-0.10727228031216014,-0.1272944224266506,-0.1065710912219694,0.01721393033006018,0.48003132341425214,0.48040752351097177,0.5007836990595611,0.4870741819949283,0.00969530901131352,43,0.9898119122257053,0.9858989424206815,0.9874657265961614,0.9877255270808494,0.0016079915822001926
39,78.19163187344869,8.497351770897565,0.43863534927368164,0.007527457843376246,1200,10,1,sqrt,80,True,"{'n_estimators': 1200, 'min_samples_split': 10, 'min_samples_leaf': 1, 'max_features': 'sqrt', 'max_depth': 80, 'bootstrap': True}",-6.001761407626982,-6.318003404977112,-4.5858374592095394,-5.635200757271211,0.7531598983443697,8,-1.3762188196664933,-1.3250442524567227,-1.5665360969658548,-1.4225997230296903,0.10390049370654396,0.485512920908379,0.4647335423197492,0.5156739811912225,0.48864014813978357,0.020913579969678492,35,0.9615987460815048,0.9651390520955738,0.9588719153936546,0.9618699045235778,0.0025657222226456245
40,3951.684019168218,558.1179608560577,0.5147386391957601,0.00552791184539836,1600,2,2,auto,70,False,"{'n_estimators': 1600, 'min_samples_split': 2, 'min_samples_leaf': 2, 'max_features': 'auto', 'max_depth': 70, 'bootstrap': False}",-11.757514880380592,-11.839334579109062,-9.658316130113592,-11.085055196534414,1.0094096916890012,50,-0.2603494748913668,-0.2735005753962618,-0.28973862084675495,-0.27452955704479454,0.012020110299592095,0.4643696162881754,0.4592476489028213,0.5078369905956113,0.47715141859553595,0.021798499706830135,50,0.9623824451410659,0.9604386995691343,0.9663141402271838,0.9630450949791279,0.002443976177935998
41,141.13709545135498,19.553851131227223,0.5340714454650879,0.01706500207690747,1400,5,4,sqrt,100,False,"{'n_estimators': 1400, 'min_samples_split': 5, 'min_samples_leaf': 4, 'max_features': 'sqrt', 'max_depth': 100, 'bootstrap': False}",-6.006251890366106,-6.320430801996366,-4.608520343991246,-5.645067678784572,0.7440877547165414,15,-0.5024675693408733,-0.49646460694980354,-0.6225862234530883,-0.5405061332479217,0.05809110543180349,0.4925606891151135,0.4717868338557994,0.5188087774294671,0.49438543346679326,0.019239942191926967,18,0.9843260188087775,0.9839404622013318,0.9804151978065021,0.9828938929388705,0.0017597557868079627
42,898.1509084701538,95.19899021849777,0.12489628791809082,0.020712075890609482,400,10,4,auto,30,False,"{'n_estimators': 400, 'min_samples_split': 10, 'min_samples_leaf': 4, 'max_features': 'auto', 'max_depth': 30, 'bootstrap': False}",-8.326738785528647,-9.69617380337079,-7.772024121098526,-8.598312236665988,0.8086623129049183,36,-2.0496098703235344,-1.7111638756697602,-2.0410676812906954,-1.9339471424279966,0.1575701541303044,0.49725920125293654,0.47648902821316613,0.5031347962382445,0.492294341901449,0.011430561657142723,24,0.7335423197492164,0.7837837837837838,0.7943595769682726,0.7705618935004243,0.026530466523239666
43,69.6312313079834,10.59856488893265,0.2399291197458903,0.010582043517726606,600,10,2,sqrt,70,False,"{'n_estimators': 600, 'min_samples_split': 10, 'min_samples_leaf': 2, 'max_features': 'sqrt', 'max_depth': 70, 'bootstrap': False}",-6.0486893844459795,-6.329857136916117,-4.631710441041521,-5.670085654134539,0.7431604306975068,21,-0.3897353251939845,-0.39038467465620036,-0.4773179080918542,-0.419145969314013,0.041134626610360735,0.4745497259201253,0.4835423197492163,0.5156739811912225,0.4912553422868547,0.017652556574052406,27,0.9843260188087775,0.9827653740697219,0.9819819819819819,0.9830244582868272,0.00097432733548439
44,4210.291279554367,279.8478811876558,0.5455439885457357,0.04349524240587061,2000,5,2,auto,40,False,"{'n_estimators': 2000, 'min_samples_split': 5, 'min_samples_leaf': 2, 'max_features': 'auto', 'max_depth': 40, 'bootstrap': False}",-10.09809889436648,-11.311933574144987,-9.658511691342184,-10.356181386617884,0.6992404976057063,46,-1.6557124613651513,-0.834978100559567,-0.40725808471233005,-0.9659828822123494,0.5180291319078597,0.48707909162098667,0.46943573667711597,0.5062695924764891,0.4875948069248639,0.015041779703395973,40,0.7433385579937304,0.8480219349784567,0.9522130826478653,0.8478578585400175,0.08527274653792165
45,58.72397541999817,1.0860091651336408,0.45583534240722656,0.009766781570121338,2000,10,4,sqrt,10,True,"{'n_estimators': 2000, 'min_samples_split': 10, 'min_samples_leaf': 4, 'max_features': 'sqrt', 'max_depth': 10, 'bootstrap': True}",-5.921069284178839,-6.266240220441105,-4.597982874526667,-5.595097459715537,0.7190103688669687,1,-4.014591597824046,-3.671690278611693,-4.430107274299759,-4.038796383578499,0.3100951344100627,0.5129209083790133,0.47962382445141066,0.5117554858934169,0.5014334062412803,0.015429040708552227,3,0.8240595611285266,0.8691735213474344,0.8100274187230709,0.8344201670663439,0.02523320537786122
46,153.56725811958313,16.459799313545254,0.576740026473999,0.00834159528805114,1600,2,4,sqrt,30,False,"{'n_estimators': 1600, 'min_samples_split': 2, 'min_samples_leaf': 4, 'max_features': 'sqrt', 'max_depth': 30, 'bootstrap': False}",-5.9982576306340345,-6.3099352489345994,-4.615843507372706,-5.6413454623137795,0.7362184590316251,13,-0.8485342399423578,-0.5372166724343744,-0.7343160823595384,-0.7066889982454235,0.12858745089693688,0.4831636648394675,0.49294670846394983,0.5070532915360502,0.4943878882798225,0.009805995287638342,17,0.9807993730407524,0.9862906384645516,0.9800235017626322,0.9823711710893122,0.002789523548234019
47,46.00990684827169,3.69971251010863,0.15459863344828287,0.00398537770860361,400,5,1,sqrt,30,False,"{'n_estimators': 400, 'min_samples_split': 5, 'min_samples_leaf': 1, 'max_features': 'sqrt', 'max_depth': 30, 'bootstrap': False}",-6.053426273663717,-6.385835614127027,-4.607223657320746,-5.682161848370497,0.7721153101878829,23,-1.1357532574989326,-0.1887526518727285,-0.46621798970852957,-0.5969079663600635,0.3975025696034205,0.4815974941268598,0.48040752351097177,0.5282131661442007,0.4967393945940108,0.022260618877468004,12,0.9615987460815048,0.9831570701135919,0.9737563650607128,0.9728373937519365,0.008825104908456024
48,23.36158800125122,3.425806646127702,0.08145348230997722,0.0017528916414329043,200,10,2,sqrt,90,False,"{'n_estimators': 200, 'min_samples_split': 10, 'min_samples_leaf': 2, 'max_features': 'sqrt', 'max_depth': 90, 'bootstrap': False}",-6.071934457125165,-6.350057365137637,-4.658199362223624,-5.693397061495475,0.7407490782640814,27,-0.3925597056501447,-0.3942586961839896,-0.4843011273063977,-0.42370650971351065,0.042852478754674024,0.47141738449490994,0.46865203761755486,0.5007836990595611,0.4802843737240086,0.014539109102638578,49,0.9804075235109718,0.9819819819819819,0.9776733254994124,0.9800209436641221,0.0017801148192724053
49,24.193471431732178,0.22002805408917261,0.18336065610249838,0.006903313485952188,800,2,1,sqrt,10,True,"{'n_estimators': 800, 'min_samples_split': 2, 'min_samples_leaf': 1, 'max_features': 'sqrt', 'max_depth': 10, 'bootstrap': True}",-5.932422459223122,-6.262842621783245,-4.600169034265741,-5.5984780384240365,0.7186839925837641,2,-3.8883248960503987,-3.529660776053196,-4.286419073328596,-3.901468248477397,0.3090850378224477,0.5066562255285826,0.4882445141065831,0.5164576802507836,0.5037861399619831,0.011695404491787022,1,0.7692006269592476,0.8335291813552683,0.7414806110458284,0.7814034731201147,0.03855659835291766
