,mean_fit_time,std_fit_time,mean_score_time,std_score_time,param_tol,param_kernel,param_gamma,param_epsilon,param_C,params,split0_test_neg_mean_squared_error,split1_test_neg_mean_squared_error,split2_test_neg_mean_squared_error,split3_test_neg_mean_squared_error,split4_test_neg_mean_squared_error,mean_test_neg_mean_squared_error,std_test_neg_mean_squared_error,rank_test_neg_mean_squared_error,split0_train_neg_mean_squared_error,split1_train_neg_mean_squared_error,split2_train_neg_mean_squared_error,split3_train_neg_mean_squared_error,split4_train_neg_mean_squared_error,mean_train_neg_mean_squared_error,std_train_neg_mean_squared_error,split0_test_acc,split1_test_acc,split2_test_acc,split3_test_acc,split4_test_acc,mean_test_acc,std_test_acc,rank_test_acc,split0_train_acc,split1_train_acc,split2_train_acc,split3_train_acc,split4_train_acc,mean_train_acc,std_train_acc
0,16.202528333663942,0.04855078051678807,3.9143919944763184,0.0159516132163206,1e-07,rbf,0.01,1e-09,0.1,"{'tol': 1e-07, 'kernel': 'rbf', 'gamma': 0.01, 'epsilon': 1e-09, 'C': 0.1}",-5.765583909260559,-3.398414463513898,-6.8056223814920624,-2.6687438129013077,-4.689239550253185,-4.6655208234842025,1.5088679867201482,20,-4.112130848046898,-4.688563205500662,-3.858599737767232,-4.860031367113482,-4.3734866669775325,-4.378562365081161,0.36586488510443793,0.515311510031679,0.5343189017951425,0.5,0.5084566596194503,0.5116279069767442,0.5139429956846032,0.01137468266941617,7,0.9944517833553501,0.9931307793923382,0.9915478077126255,0.9915478077126255,0.9933967247754887,0.9928149805896854,0.0011250540143364636
1,16.150976848602294,0.022326445846541913,3.9005613327026367,0.011521304978871069,0.01,rbf,10,1e-05,1e-10,"{'tol': 0.01, 'kernel': 'rbf', 'gamma': 10, 'epsilon': 1e-05, 'C': 1e-10}",-5.765561904662461,-3.3985976284838126,-6.806136819566111,-2.6701617768860073,-4.6893286479621175,-4.665957355512102,1.5086049973096434,38,-4.388282508813438,-4.979956820020506,-4.130525499538204,-5.164635122098649,-4.658486630217667,-4.664377316137693,0.37712308351369644,0.515311510031679,0.5343189017951425,0.5,0.5084566596194503,0.5116279069767442,0.5139429956846032,0.01137468266941617,7,0.5136063408190225,0.5088507265521797,0.5174326465927099,0.5153195985208664,0.5145272054939249,0.5139473035957407,0.002844589550554759
2,16.447616052627563,0.020466154067933978,3.87965989112854,0.012382001111418123,1e-08,rbf,1e-05,1e-09,1e-07,"{'tol': 1e-08, 'kernel': 'rbf', 'gamma': 1e-05, 'epsilon': 1e-09, 'C': 1e-07}",-5.765549858603903,-3.398657476547948,-6.806195393900921,-2.670210398689138,-4.68929270311085,-4.6659811661705515,1.5085968293964833,62,-4.388197312562744,-4.979922914670899,-4.130560362949903,-5.164646785941718,-4.658412143608445,-4.664347903946743,0.3771233432220692,0.515311510031679,0.5343189017951425,0.5,0.5084566596194503,0.5116279069767442,0.5139429956846032,0.01137468266941617,7,0.5136063408190225,0.5088507265521797,0.5174326465927099,0.5153195985208664,0.5145272054939249,0.5139473035957407,0.002844589550554759
3,0.1081624984741211,0.01501106793210032,0.007797765731811524,0.0013377438709683994,1e-10,rbf,1e-09,10,0.0001,"{'tol': 1e-10, 'kernel': 'rbf', 'gamma': 1e-09, 'epsilon': 10, 'C': 0.0001}",-5.766590656586295,-3.420149703357652,-6.830397705248085,-2.658503836438571,-4.7356605689991484,-4.68226049412595,1.5153634286687203,84,-4.387484765452036,-4.984879864072533,-4.167671446836414,-5.192183110715637,-4.695026127550691,-4.685449062925462,0.3750750064517541,0.515311510031679,0.457233368532207,0.4978858350951374,0.4894291754756871,0.4788583509513742,0.487743648017217,0.01936758960628248,80,0.5136063408190225,0.4842800528401585,0.4741151611199155,0.4762282091917591,0.4788695192815637,0.48541985665048387,0.01449804460056814
4,16.973675346374513,0.28443657615694623,4.118959522247314,0.15058734972364574,1e-06,rbf,1e-06,0.0001,0.0001,"{'tol': 1e-06, 'kernel': 'rbf', 'gamma': 1e-06, 'epsilon': 0.0001, 'C': 0.0001}",-5.765537691172134,-3.3986000230224924,-6.8061365064386825,-2.6701249005158902,-4.689290760615851,-4.66593797635301,1.5086106161086372,34,-4.3879856552182135,-4.97977068242104,-4.13041209363005,-5.164471494509922,-4.658221935771593,-4.664172372310164,0.3771249263860426,0.515311510031679,0.5343189017951425,0.5,0.5084566596194503,0.5116279069767442,0.5139429956846032,0.01137468266941617,7,0.5136063408190225,0.5088507265521797,0.5174326465927099,0.5153195985208664,0.5145272054939249,0.5139473035957407,0.002844589550554759
5,17.426267385482788,0.09346560849635349,4.19663257598877,0.00987357911543875,1e-09,rbf,0.0001,0.001,1e-07,"{'tol': 1e-09, 'kernel': 'rbf', 'gamma': 0.0001, 'epsilon': 0.001, 'C': 1e-07}",-5.765552849369611,-3.3986204943509226,-6.806156326572637,-2.6701690271593583,-4.6892927154577935,-4.665958282582064,1.5086033405840462,43,-4.388221088620461,-4.9799435567070285,-4.130536901340303,-5.164636590925237,-4.658412186782794,-4.664350064875165,0.37712725272000336,0.515311510031679,0.5343189017951425,0.5,0.5084566596194503,0.5116279069767442,0.5139429956846032,0.01137468266941617,7,0.5136063408190225,0.5088507265521797,0.5174326465927099,0.5153195985208664,0.5145272054939249,0.5139473035957407,0.002844589550554759
6,15.98364806175232,0.04766153898951703,3.8661056041717528,0.010179936867679191,1e-08,rbf,1e-10,0.1,0.1,"{'tol': 1e-08, 'kernel': 'rbf', 'gamma': 1e-10, 'epsilon': 0.1, 'C': 0.1}",-5.765610051181189,-3.397963873727855,-6.805444201061113,-2.66861364761282,-4.689319803371995,-4.665390315390994,1.5089316463643572,13,-4.388492200239793,-4.98036244491662,-4.130104353940677,-5.164260865623198,-4.65844021271796,-4.66433201548765,0.377180487008728,0.515311510031679,0.5343189017951425,0.5,0.5084566596194503,0.5116279069767442,0.5139429956846032,0.01137468266941617,7,0.5136063408190225,0.5088507265521797,0.5174326465927099,0.5153195985208664,0.5145272054939249,0.5139473035957407,0.002844589550554759
7,11.486921072006226,0.4341665447910331,2.953501796722412,0.13453344508502,1,rbf,0.01,0.0001,1e-08,"{'tol': 1, 'kernel': 'rbf', 'gamma': 0.01, 'epsilon': 0.0001, 'C': 1e-08}",-5.765649769868156,-3.3981082811381413,-6.806079918047108,-2.670460415718956,-4.689262228326712,-4.665912122619814,1.5086046803483808,32,-4.388651639657647,-4.980276676040742,-4.130491490209498,-5.164709487699514,-4.658348026662982,-4.664495464054077,0.3771524078727995,0.515311510031679,0.5343189017951425,0.5,0.5084566596194503,0.5116279069767442,0.5139429956846032,0.01137468266941617,7,0.5136063408190225,0.5088507265521797,0.5174326465927099,0.5153195985208664,0.5145272054939249,0.5139473035957407,0.002844589550554759
8,1.0833420753479004,0.14022437489940986,0.12284812927246094,0.027325139431641592,10,rbf,1e-09,1e-06,0.01,"{'tol': 10, 'kernel': 'rbf', 'gamma': 1e-09, 'epsilon': 1e-06, 'C': 0.01}",-6.383936199408151,-4.656210576441393,-8.117255076284511,-3.5858491080595285,-5.845976132488101,-5.717845418536337,1.542059526720814,98,-4.967832025935451,-6.067324120572984,-5.507567130773215,-6.294123326772191,-5.769699028333714,-5.721309126477511,0.4612152314416129,0.470960929250264,0.457233368532207,0.4978858350951374,0.4894291754756871,0.4788583509513742,0.4788735318609339,0.014168948202455659,91,0.4808454425363276,0.4842800528401585,0.4741151611199155,0.4762282091917591,0.4788695192815637,0.4788676769939449,0.0035428398114228554
9,0.6374176025390625,0.07682503299515289,0.0740896224975586,0.00721357321150335,10,rbf,1,0.0001,0.0001,"{'tol': 10, 'kernel': 'rbf', 'gamma': 1, 'epsilon': 0.0001, 'C': 0.0001}",-5.779504204042506,-3.4555964939121173,-6.807403163044291,-2.6557905099038015,-4.771098196416293,-4.693878513463802,1.505900231360915,88,-4.396146979346511,-5.0061727047599405,-4.139569256862681,-5.185006791449646,-4.727493309486184,-4.690877808380993,0.3835941602977888,0.470960929250264,0.457233368532207,0.4978858350951374,0.4894291754756871,0.4788583509513742,0.4788735318609339,0.014168948202455659,91,0.4808454425363276,0.4842800528401585,0.4741151611199155,0.4762282091917591,0.4788695192815637,0.4788676769939449,0.0035428398114228554
10,16.36428008079529,0.02801347104998029,3.8509469032287598,0.009163665342723953,1e-07,rbf,1e-07,1e-07,0.1,"{'tol': 1e-07, 'kernel': 'rbf', 'gamma': 1e-07, 'epsilon': 1e-07, 'C': 0.1}",-5.763816925707743,-3.3919893944026205,-6.797982919350639,-2.6614106529427266,-4.689113647419968,-4.66086270796474,1.5094659271499413,1,-4.3680570291224345,-4.966220740342114,-4.114300469352275,-5.148120523796934,-4.637962460854947,-4.646932244693741,0.37806964584565106,0.5142555438225976,0.5374868004223865,0.5010570824524313,0.5063424947145877,0.5158562367864693,0.5149996316396945,0.012460344268900534,5,0.5402906208718626,0.5336856010568032,0.5367142102482831,0.5316957210776545,0.53486529318542,0.5354502892880046,0.002918199221269055
11,15.0823157787323,0.049859611030217264,3.6251662731170655,0.0210622764380114,0.0001,rbf,0.1,0.1,1e-06,"{'tol': 0.0001, 'kernel': 'rbf', 'gamma': 0.1, 'epsilon': 0.1, 'C': 1e-06}",-5.765613215021194,-3.397975046910026,-6.80545526895277,-2.6686154556635024,-4.68932442787712,-4.665396682884922,1.5089329063341586,16,-4.388518602062382,-4.980377011642965,-4.130125843158023,-5.1642801586854326,-4.6584750749133645,-4.664355338092434,0.3771779845365484,0.515311510031679,0.5343189017951425,0.5,0.5084566596194503,0.5116279069767442,0.5139429956846032,0.01137468266941617,7,0.5136063408190225,0.5088507265521797,0.5174326465927099,0.5153195985208664,0.5145272054939249,0.5139473035957407,0.002844589550554759
12,0.12110919952392578,0.022959521434190718,0.009916210174560547,0.003323564777742975,1e-05,rbf,0.01,10,1e-10,"{'tol': 1e-05, 'kernel': 'rbf', 'gamma': 0.01, 'epsilon': 10, 'C': 1e-10}",-5.766590650179909,-3.420149696829341,-6.83039769777553,-2.6585038292060625,-4.735660535456664,-4.682260481889501,1.5153634284161615,79,-4.387484765734997,-4.9848798621225185,-4.167671451026008,-5.192183100868805,-4.695026108284767,-4.6854490576074195,0.3750750021796912,0.515311510031679,0.457233368532207,0.4978858350951374,0.4894291754756871,0.4788583509513742,0.487743648017217,0.01936758960628248,80,0.5136063408190225,0.4842800528401585,0.4741151611199155,0.4762282091917591,0.4788695192815637,0.48541985665048387,0.01449804460056814
13,15.632416677474975,0.6897505125619403,3.8952550411224367,0.12124313865306605,1e-09,rbf,1e-06,1e-05,1e-10,"{'tol': 1e-09, 'kernel': 'rbf', 'gamma': 1e-06, 'epsilon': 1e-05, 'C': 1e-10}",-5.765549863761311,-3.3986574800665528,-6.806195424787922,-2.6702103904547103,-4.689292715457688,-4.665981174905637,1.5085968405377457,64,-4.388197598485395,-4.97992322560632,-4.1305606488696895,-5.164647097221766,-4.658412481204678,-4.66434821027757,0.3771233539742489,0.515311510031679,0.5343189017951425,0.5,0.5084566596194503,0.5116279069767442,0.5139429956846032,0.01137468266941617,7,0.5136063408190225,0.5088507265521797,0.5174326465927099,0.5153195985208664,0.5145272054939249,0.5139473035957407,0.002844589550554759
14,16.062490510940552,0.6597163624157503,4.040175104141236,0.07978396447023361,0.1,rbf,1,1e-06,1e-09,"{'tol': 0.1, 'kernel': 'rbf', 'gamma': 1, 'epsilon': 1e-06, 'C': 1e-09}",-5.765571870396686,-3.398122503508174,-6.804935650303259,-2.6670530167975746,-4.689106168653557,-4.66495784193185,1.5091676425522116,4,-4.388338870712542,-4.980266129439467,-4.129843327634657,-5.163991252297666,-4.657986375926518,-4.664085191202171,0.3771906820758048,0.515311510031679,0.5343189017951425,0.5,0.5084566596194503,0.5116279069767442,0.5139429956846032,0.01137468266941617,7,0.5136063408190225,0.5088507265521797,0.5174326465927099,0.5153195985208664,0.5145272054939249,0.5139473035957407,0.002844589550554759
15,16.66345610618591,0.08832224146537851,4.006120729446411,0.015374999964515332,0.001,rbf,1,1e-10,1e-07,"{'tol': 0.001, 'kernel': 'rbf', 'gamma': 1, 'epsilon': 1e-10, 'C': 1e-07}",-5.765549245484993,-3.398657480124136,-6.806195424846948,-2.67021039053896,-4.689292715459742,-4.665981051290956,1.508596750394127,56,-4.388192046885725,-4.979922924472515,-4.130560367599757,-5.164646783322531,-4.6584121867867125,-4.664346861813447,0.3771241138844809,0.515311510031679,0.5343189017951425,0.5,0.5084566596194503,0.5116279069767442,0.5139429956846032,0.01137468266941617,7,0.5136063408190225,0.5088507265521797,0.5174326465927099,0.5153195985208664,0.5145272054939249,0.5139473035957407,0.002844589550554759
16,0.04677815437316894,0.0018873960286064269,0.0017503738403320313,0.00014283566139541729,10,rbf,1e-10,10,1e-08,"{'tol': 10, 'kernel': 'rbf', 'gamma': 1e-10, 'epsilon': 10, 'C': 1e-08}",-5.865133308488388,-4.2248698307912775,-8.696750149159978,-3.2444298432195966,-5.43451574131521,-5.49313977459489,1.8477088734093967,96,-4.503102394393245,-5.669670622859188,-6.099531410428982,-5.914269520759543,-5.367037281034648,-5.5107222458951215,0.5604916334962893,0.515311510031679,0.457233368532207,0.4978858350951374,0.4894291754756871,0.4788583509513742,0.487743648017217,0.01936758960628248,80,0.5136063408190225,0.4842800528401585,0.4741151611199155,0.4762282091917591,0.4788695192815637,0.48541985665048387,0.01449804460056814
17,16.487295150756836,0.3931333535218483,4.026726770401001,0.014767349350255378,1e-10,rbf,0.001,0.01,1e-07,"{'tol': 1e-10, 'kernel': 'rbf', 'gamma': 0.001, 'epsilon': 0.01, 'C': 1e-07}",-5.765579988957492,-3.3986757915840187,-6.805955494342393,-2.669582876646929,-4.6893564052222425,-4.665830111350614,1.5086963264282602,29,-4.388379485040835,-4.979912860274876,-4.13041743556432,-5.164496362836568,-4.6585424475531285,-4.664349718253946,0.3770951442806505,0.515311510031679,0.5343189017951425,0.5,0.5084566596194503,0.5116279069767442,0.5139429956846032,0.01137468266941617,7,0.5136063408190225,0.5088507265521797,0.5174326465927099,0.5153195985208664,0.5145272054939249,0.5139473035957407,0.002844589550554759
18,16.11878881454468,0.35224776650197287,4.169665002822876,0.06444809185966552,1e-10,rbf,1e-10,1e-08,1,"{'tol': 1e-10, 'kernel': 'rbf', 'gamma': 1e-10, 'epsilon': 1e-08, 'C': 1}",-5.765527183284835,-3.398530440398666,-6.806108769830749,-2.670027217276156,-4.6892916431509555,-4.665897050788272,1.5086387543097983,31,-4.387842802188287,-4.97972629727388,-4.130333378002369,-5.164388943830918,-4.658142014593187,-4.664086687177727,0.37713905383976554,0.515311510031679,0.5343189017951425,0.5,0.5084566596194503,0.5116279069767442,0.5139429956846032,0.01137468266941617,7,0.5136063408190225,0.5088507265521797,0.5174326465927099,0.5153195985208664,0.5145272054939249,0.5139473035957407,0.002844589550554759
19,16.66158256530762,0.022899786674700457,4.031218242645264,0.04013768882403807,1e-05,rbf,1e-07,1e-05,10,"{'tol': 1e-05, 'kernel': 'rbf', 'gamma': 1e-07, 'epsilon': 1e-05, 'C': 10}",-5.757090018308908,-3.3933927199320304,-6.795142044910841,-2.6879123118134918,-4.7023448034130135,-4.667176379675657,1.500493085108153,75,-4.240089349472162,-4.852325057680644,-4.011089534607164,-5.019897995072976,-4.508548133911753,-4.526390014148939,0.37352503727018893,0.5227032734952481,0.5448785638859557,0.5137420718816068,0.5105708245243129,0.5221987315010571,0.5228186930576361,0.011995256650458752,1,0.6150594451783356,0.6013210039630119,0.6008980454305335,0.589012150026413,0.6075013206550449,0.6027583930506678,0.008582510397860125
20,16.348980569839476,0.02545365194216987,4.029604101181031,0.029070305090377755,1e-10,rbf,1e-05,0.01,1e-07,"{'tol': 1e-10, 'kernel': 'rbf', 'gamma': 1e-05, 'epsilon': 0.01, 'C': 1e-07}",-5.765579984378357,-3.3986757835965884,-6.805955438485225,-2.669582877858237,-4.689356402244703,-4.665830097312622,1.5086963109255964,28,-4.388379484674156,-4.979912852695451,-4.130417415904944,-5.164496363091327,-4.658542423494873,-4.66434970797215,0.37709514877464156,0.515311510031679,0.5343189017951425,0.5,0.5084566596194503,0.5116279069767442,0.5139429956846032,0.01137468266941617,7,0.5136063408190225,0.5088507265521797,0.5174326465927099,0.5153195985208664,0.5145272054939249,0.5139473035957407,0.002844589550554759
21,15.898703622817994,0.18577428239319527,4.259198951721191,0.2117176645088498,1e-08,rbf,1e-08,1e-10,1e-05,"{'tol': 1e-08, 'kernel': 'rbf', 'gamma': 1e-08, 'epsilon': 1e-10, 'C': 1e-05}",-5.765549847269195,-3.398657353699251,-6.806195337961628,-2.6702101800496894,-4.689292713957239,-4.665981086587401,1.5085968903949911,60,-4.38819728292231,-4.979923029025342,-4.130560422443776,-5.164646829351416,-4.658412211288287,-4.664347955006226,0.3771233611640167,0.515311510031679,0.5343189017951425,0.5,0.5084566596194503,0.5116279069767442,0.5139429956846032,0.01137468266941617,7,0.5136063408190225,0.5088507265521797,0.5174326465927099,0.5153195985208664,0.5145272054939249,0.5139473035957407,0.002844589550554759
22,0.12141189575195313,0.022010238146119007,0.01115865707397461,0.002755622985822203,0.0001,rbf,0.0001,10,1,"{'tol': 0.0001, 'kernel': 'rbf', 'gamma': 0.0001, 'epsilon': 10, 'C': 1}",-5.833269752963784,-3.5384680578291707,-7.16569176385235,-2.7634619318377003,-5.069219541940283,-4.874022209684658,1.5778578372128307,93,-4.386985915919138,-4.988230430367817,-4.479131008805295,-5.258949032649123,-4.928740956269058,-4.808407468802086,0.32736012549125815,0.470960929250264,0.457233368532207,0.4978858350951374,0.4894291754756871,0.4788583509513742,0.4788735318609339,0.014168948202455659,91,0.48243064729194185,0.48639365918097754,0.4751716851558373,0.47834125726360277,0.48045430533544636,0.4805583108455611,0.0037815027176162142
23,0.5457053184509277,0.060861012461187726,0.050971364974975585,0.005326113080812762,10,rbf,10,0.001,1,"{'tol': 10, 'kernel': 'rbf', 'gamma': 10, 'epsilon': 0.001, 'C': 1}",-5.779504204042506,-3.4555964939121173,-6.807403163044291,-2.6557905099038015,-4.771098196416293,-4.693878513463802,1.505900231360915,88,-3.983221635112318,-4.488945095573442,-3.789998344496992,-4.6739054388147645,-4.283812950633378,-4.2439766929261795,0.32265297558925443,0.470960929250264,0.457233368532207,0.4978858350951374,0.4894291754756871,0.4788583509513742,0.4788735318609339,0.014168948202455659,91,0.4964332892998679,0.5035667107001321,0.4878499735868991,0.49524564183835185,0.4955097728473323,0.49572107765451656,0.004985702989435396
24,1.0772178649902344,0.1807704999372033,0.11495580673217773,0.025703895700206484,10,rbf,1e-10,0.001,1e-09,"{'tol': 10, 'kernel': 'rbf', 'gamma': 1e-10, 'epsilon': 0.001, 'C': 1e-09}",-6.3839361540928,-4.6562574169827196,-8.117238602729488,-3.5858349121869515,-5.845987831002154,-5.717850983398822,1.5420520667144275,99,-4.967838624389999,-6.06735776762623,-5.507555781419179,-6.294106191625958,-5.769709571109635,-5.721313587234199,0.4612151413091895,0.470960929250264,0.457233368532207,0.4978858350951374,0.4894291754756871,0.4788583509513742,0.4788735318609339,0.014168948202455659,91,0.4808454425363276,0.4842800528401585,0.4741151611199155,0.4762282091917591,0.4788695192815637,0.4788676769939449,0.0035428398114228554
25,16.185106182098387,0.04379096473379246,3.3484135627746583,0.07547422435043344,0.1,rbf,1e-07,1e-09,1e-10,"{'tol': 0.1, 'kernel': 'rbf', 'gamma': 1e-07, 'epsilon': 1e-09, 'C': 1e-10}",-5.765539950829441,-3.398928964753511,-6.804667483486421,-2.6676096112431065,-4.6890153140327016,-4.665152264869036,1.5088038954108285,10,-4.387974962374534,-4.979783677203326,-4.129703180090959,-5.164087333874881,-4.65772788067087,-4.663855406842914,0.3772290604914124,0.515311510031679,0.5343189017951425,0.5,0.5084566596194503,0.5116279069767442,0.5139429956846032,0.01137468266941617,7,0.5136063408190225,0.5088507265521797,0.5174326465927099,0.5153195985208664,0.5145272054939249,0.5139473035957407,0.002844589550554759
26,18.892520666122437,0.13418620918020738,4.240385484695435,0.037302383422675334,1e-08,rbf,0.1,1e-10,10,"{'tol': 1e-08, 'kernel': 'rbf', 'gamma': 0.1, 'epsilon': 1e-10, 'C': 10}",-5.766118467899219,-3.402082948223562,-6.802427558474547,-2.6634296570037135,-4.689253579784339,-4.664662442277076,1.508833286490686,3,-0.012846001070101174,-0.02262363850354262,-0.013364069599534456,-0.024312722711990743,-0.023765616470320362,-0.01938240967109787,0.005156958551052922,0.515311510031679,0.5343189017951425,0.5,0.5084566596194503,0.5116279069767442,0.5139429956846032,0.01137468266941617,7,0.9944517833553501,0.9931307793923382,0.9915478077126255,0.9915478077126255,0.9933967247754887,0.9928149805896854,0.0011250540143364636
27,15.628040027618407,0.4873398851491082,3.967882490158081,0.2922358246099024,1e-05,rbf,1,0.01,1e-09,"{'tol': 1e-05, 'kernel': 'rbf', 'gamma': 1, 'epsilon': 0.01, 'C': 1e-09}",-5.765579988957492,-3.3986757865019275,-6.805955494342393,-2.669582889237364,-4.6893564052222425,-4.665830112852284,1.508696323950117,30,-4.388379768225884,-4.9799131613209555,-4.13041771416409,-5.164496676691085,-4.658542739211838,-4.664350011922771,0.3770951566778052,0.515311510031679,0.5343189017951425,0.5,0.5084566596194503,0.5116279069767442,0.5139429956846032,0.01137468266941617,7,0.5136063408190225,0.5088507265521797,0.5174326465927099,0.5153195985208664,0.5145272054939249,0.5139473035957407,0.002844589550554759
28,16.8958740234375,0.12619337220437615,4.101695203781128,0.08525154901303844,1e-07,rbf,1e-08,1e-09,1e-09,"{'tol': 1e-07, 'kernel': 'rbf', 'gamma': 1e-08, 'epsilon': 1e-09, 'C': 1e-09}",-5.76554986376972,-3.3986574801114933,-6.806195424838259,-2.670210390517911,-4.689292715459591,-4.665981174939395,1.508596840528987,65,-4.388197598651456,-4.979923225739286,-4.130560648995681,-5.164647097371239,-4.658412481368331,-4.6643482104251985,0.37712335397565944,0.515311510031679,0.5343189017951425,0.5,0.5084566596194503,0.5116279069767442,0.5139429956846032,0.01137468266941617,7,0.5136063408190225,0.5088507265521797,0.5174326465927099,0.5153195985208664,0.5145272054939249,0.5139473035957407,0.002844589550554759
29,16.47856698036194,0.09767256436203949,3.905555486679077,0.05786754687846196,0.001,rbf,0.1,0.01,1e-10,"{'tol': 0.001, 'kernel': 'rbf', 'gamma': 0.1, 'epsilon': 0.01, 'C': 1e-10}",-5.765579988957492,-3.398695130266518,-6.805955494342393,-2.6695152592704314,-4.6893564052222425,-4.665820455611815,1.5087109718685108,25,-4.388379770800294,-4.979902639307559,-4.130417716696815,-5.164481016383583,-4.6585427418632825,-4.664344777010307,0.37708924047005127,0.515311510031679,0.5343189017951425,0.5,0.5084566596194503,0.5116279069767442,0.5139429956846032,0.01137468266941617,7,0.5136063408190225,0.5088507265521797,0.5174326465927099,0.5153195985208664,0.5145272054939249,0.5139473035957407,0.002844589550554759
30,15.939376735687256,0.7080347786955548,3.9394712924957274,0.053289983495855724,0.01,rbf,1e-06,1e-06,1,"{'tol': 0.01, 'kernel': 'rbf', 'gamma': 1e-06, 'epsilon': 1e-06, 'C': 1}",-5.753473862756681,-3.419703629385966,-6.799657256784076,-2.6943620504416836,-4.725921027477866,-4.6786235653692545,1.4952255546686835,77,-3.9836517639563183,-4.634016196846666,-3.8227352029603403,-4.776548389279256,-4.248803864670963,-4.293151083542709,0.36576210465581444,0.5332629355860612,0.5395987328405492,0.5,0.5200845665961945,0.5116279069767442,0.5209148283999098,0.014324317278028024,3,0.71889035667107,0.7035667107001321,0.7004754358161648,0.6833069202324353,0.716851558372953,0.7046181963585509,0.012851367890513584
31,15.80745792388916,0.10386935546244593,4.08727011680603,0.05524709367132309,0.0001,rbf,1e-09,0.001,0.0001,"{'tol': 0.0001, 'kernel': 'rbf', 'gamma': 1e-09, 'epsilon': 0.001, 'C': 0.0001}",-5.765552830418075,-3.3986203534273383,-6.806156284716962,-2.670169210773201,-4.689292715381198,-4.665958278943355,1.5086033010405895,42,-4.388221046545968,-4.979943668294305,-4.130536979410364,-5.164636735388912,-4.658412212764956,-4.6643501284809,0.3771272937026351,0.515311510031679,0.5343189017951425,0.5,0.5084566596194503,0.5116279069767442,0.5139429956846032,0.01137468266941617,7,0.5136063408190225,0.5088507265521797,0.5174326465927099,0.5153195985208664,0.5145272054939249,0.5139473035957407,0.002844589550554759
32,15.63757495880127,0.03570662384939424,3.9507305145263674,0.058663332236605775,1e-06,rbf,0.01,1e-10,1e-08,"{'tol': 1e-06, 'kernel': 'rbf', 'gamma': 0.01, 'epsilon': 1e-10, 'C': 1e-08}",-5.765549863771369,-3.398657480124136,-6.806195424846948,-2.67021039053896,-4.689292715459742,-4.6659811749482305,1.508596840524,70,-4.388197570077835,-4.979923195630314,-4.1305606208764765,-5.164647065990493,-4.6584124519344785,-4.66434818090192,0.37712335284797777,0.515311510031679,0.5343189017951425,0.5,0.5084566596194503,0.5116279069767442,0.5139429956846032,0.01137468266941617,7,0.5136063408190225,0.5088507265521797,0.5174326465927099,0.5153195985208664,0.5145272054939249,0.5139473035957407,0.002844589550554759
33,15.65515308380127,0.21943789637898567,4.005283451080322,0.08503768999604167,1e-08,rbf,1e-10,1e-07,1e-08,"{'tol': 1e-08, 'kernel': 'rbf', 'gamma': 1e-10, 'epsilon': 1e-07, 'C': 1e-08}",-5.765549863771203,-3.398657480122862,-6.806195424846076,-2.6702103905368335,-4.689292715459728,-4.6659811749473405,1.508596840524505,66,-4.38819759867986,-4.979923225756988,-4.130560649016062,-5.164647097395351,-4.658412481392633,-4.6643482104481775,0.3771233539750137,0.515311510031679,0.5343189017951425,0.5,0.5084566596194503,0.5116279069767442,0.5139429956846032,0.01137468266941617,7,0.5136063408190225,0.5088507265521797,0.5174326465927099,0.5153195985208664,0.5145272054939249,0.5139473035957407,0.002844589550554759
34,16.969538593292235,0.730816113076423,4.3915855884552,0.09683595349747569,0.0001,rbf,1e-06,1e-09,1e-05,"{'tol': 0.0001, 'kernel': 'rbf', 'gamma': 1e-06, 'epsilon': 1e-09, 'C': 1e-05}",-5.76554885879275,-3.3986517230936735,-6.806189523447882,-2.6702019670498824,-4.689292511020215,-4.66597691668088,1.5085982149571127,53,-4.388177836330513,-4.979907962798786,-4.130545785036716,-5.164629470805458,-4.658393416111205,-4.664330894216536,0.3771232848181169,0.515311510031679,0.5343189017951425,0.5,0.5084566596194503,0.5116279069767442,0.5139429956846032,0.01137468266941617,7,0.5136063408190225,0.5088507265521797,0.5174326465927099,0.5153195985208664,0.5145272054939249,0.5139473035957407,0.002844589550554759
35,17.201226425170898,0.0693205198289528,4.24703459739685,0.03138861254971529,0.0001,rbf,0.01,1e-06,0.01,"{'tol': 0.0001, 'kernel': 'rbf', 'gamma': 0.01, 'epsilon': 1e-06, 'C': 0.01}",-5.76556556570385,-3.398608734926567,-6.8060998234294825,-2.6699764628861544,-4.689327414423084,-4.665915600273827,1.5086421974523005,33,-4.359798778082726,-4.949921665430016,-4.1024613560593854,-5.133282139547,-4.629123099873011,-4.634917407798428,0.3759862682682345,0.515311510031679,0.5343189017951425,0.5,0.5084566596194503,0.5116279069767442,0.5139429956846032,0.01137468266941617,7,0.5136063408190225,0.5088507265521797,0.5174326465927099,0.5153195985208664,0.5145272054939249,0.5139473035957407,0.002844589550554759
36,16.867275381088255,0.2958954872209159,4.214959001541137,0.15828680288222746,0.001,rbf,0.1,1e-09,0.0001,"{'tol': 0.001, 'kernel': 'rbf', 'gamma': 0.1, 'epsilon': 1e-09, 'C': 0.0001}",-5.765549245484993,-3.398657480124136,-6.806195424846948,-2.67021039053896,-4.689292715459742,-4.665981051290956,1.508596750394127,56,-4.387906290990706,-4.9796219493018326,-4.130279240421274,-5.1643330318754375,-4.658117882754068,-4.664051679068663,0.37711285551575174,0.515311510031679,0.5343189017951425,0.5,0.5084566596194503,0.5116279069767442,0.5139429956846032,0.01137468266941617,7,0.5136063408190225,0.5088507265521797,0.5174326465927099,0.5153195985208664,0.5145272054939249,0.5139473035957407,0.002844589550554759
37,15.560517597198487,0.31991612416545506,3.831818199157715,0.14933247744462544,0.01,rbf,1e-10,1e-09,1e-05,"{'tol': 0.01, 'kernel': 'rbf', 'gamma': 1e-10, 'epsilon': 1e-09, 'C': 1e-05}",-5.765559600121929,-3.3985487195824455,-6.806136818506602,-2.6701617759567142,-4.689327303920552,-4.6659468436176486,1.5086128747901104,35,-4.3882681044282315,-4.979985085114131,-4.130525497392716,-5.164635120053002,-4.658483886046355,-4.6643795386068865,0.3771299319539983,0.515311510031679,0.5343189017951425,0.5,0.5084566596194503,0.5116279069767442,0.5139429956846032,0.01137468266941617,7,0.5136063408190225,0.5088507265521797,0.5174326465927099,0.5153195985208664,0.5145272054939249,0.5139473035957407,0.002844589550554759
38,15.243776512145995,0.046174865325257254,3.6371739864349366,0.012987142077869452,0.001,rbf,1e-07,1e-09,0.0001,"{'tol': 0.001, 'kernel': 'rbf', 'gamma': 1e-07, 'epsilon': 1e-09, 'C': 0.0001}",-5.765546197292706,-3.398645747870619,-6.806187523934788,-2.67019071356038,-4.689292573389073,-4.665972551209514,1.5086012412843843,49,-4.388152861117848,-4.979903976493278,-4.130538995050444,-5.164621479789107,-4.658386345958225,-4.66432073168178,0.37712609959784066,0.515311510031679,0.5343189017951425,0.5,0.5084566596194503,0.5116279069767442,0.5139429956846032,0.01137468266941617,7,0.5136063408190225,0.5088507265521797,0.5174326465927099,0.5153195985208664,0.5145272054939249,0.5139473035957407,0.002844589550554759
39,0.10731182098388672,0.01961791226871185,0.00921010971069336,0.002105194374354479,1e-05,rbf,1e-08,10,1e-05,"{'tol': 1e-05, 'kernel': 'rbf', 'gamma': 1e-08, 'epsilon': 10, 'C': 1e-05}",-5.766590656546209,-3.420149703347605,-6.830397705203249,-2.6585038363781788,-4.735660568785648,-4.682260494052178,1.5153634286665714,83,-4.387484765430236,-4.984879864056978,-4.1676714468540625,-5.192183110638715,-4.695026127386139,-4.685449062873227,0.37507500642623687,0.515311510031679,0.457233368532207,0.4978858350951374,0.4894291754756871,0.4788583509513742,0.487743648017217,0.01936758960628248,80,0.5136063408190225,0.4842800528401585,0.4741151611199155,0.4762282091917591,0.4788695192815637,0.48541985665048387,0.01449804460056814
40,7.613493967056274,0.17702214576950606,1.6719678878784179,0.1313951942662697,0.1,rbf,0.0001,1,1e-06,"{'tol': 0.1, 'kernel': 'rbf', 'gamma': 0.0001, 'epsilon': 1, 'C': 1e-06}",-5.766208744367511,-3.401071782434132,-6.802853555137055,-2.6677472331746555,-4.6889303743878905,-4.665362337900249,1.5079909603183248,12,-4.387421824224114,-4.979194282668251,-4.12896267116021,-5.164109819583346,-4.657257064711854,-4.663389132469555,0.3774284831378195,0.515311510031679,0.5343189017951425,0.5,0.5084566596194503,0.5116279069767442,0.5139429956846032,0.01137468266941617,7,0.5136063408190225,0.5088507265521797,0.5174326465927099,0.5153195985208664,0.5145272054939249,0.5139473035957407,0.002844589550554759
41,0.10058565139770508,0.017896775207307345,0.007817268371582031,0.001382784867443632,0.1,rbf,1e-10,10,1e-05,"{'tol': 0.1, 'kernel': 'rbf', 'gamma': 1e-10, 'epsilon': 10, 'C': 1e-05}",-5.76659065024079,-3.4201496968790526,-6.8303976978503105,-2.658503829218726,-4.73566053582891,-4.682260482003558,1.5153634284370356,80,-4.387484765738669,-4.98487986214533,-4.167671450989117,-5.192183100822335,-4.695026108557175,-4.6854490576505246,0.37507500218177026,0.515311510031679,0.457233368532207,0.4978858350951374,0.4894291754756871,0.4788583509513742,0.487743648017217,0.01936758960628248,80,0.5136063408190225,0.4842800528401585,0.4741151611199155,0.4762282091917591,0.4788695192815637,0.48541985665048387,0.01449804460056814
42,15.214893436431884,0.1421224569138656,4.001615428924561,0.03962406002331124,1e-10,rbf,0.0001,1e-06,0.0001,"{'tol': 1e-10, 'kernel': 'rbf', 'gamma': 0.0001, 'epsilon': 1e-06, 'C': 0.0001}",-5.765549863792939,-3.3986574801238203,-6.806195424873955,-2.6702103905385446,-4.689292713511415,-4.665981174568135,1.508596840528949,63,-4.38791155670165,-4.9796219492679406,-4.130279240651124,-5.164333031871255,-4.658117878816071,-4.664052731461608,0.37711208428545784,0.515311510031679,0.5343189017951425,0.5,0.5084566596194503,0.5116279069767442,0.5139429956846032,0.01137468266941617,7,0.5136063408190225,0.5088507265521797,0.5174326465927099,0.5153195985208664,0.5145272054939249,0.5139473035957407,0.002844589550554759
43,15.024767446517945,0.03805903170663356,3.8701123714447023,0.05788521914224159,0.01,rbf,1e-09,0.0001,1e-09,"{'tol': 0.01, 'kernel': 'rbf', 'gamma': 1e-09, 'epsilon': 0.0001, 'C': 1e-09}",-5.765583928469519,-3.398548720137068,-6.806136819565053,-2.670161776885077,-4.689327304187581,-4.66595170984886,1.508616421317239,37,-4.388398442554336,-4.979985087504291,-4.130525499817196,-5.164635122410364,-4.658483889358866,-4.664405608329011,0.377110850285092,0.515311510031679,0.5343189017951425,0.5,0.5084566596194503,0.5116279069767442,0.5139429956846032,0.01137468266941617,7,0.5136063408190225,0.5088507265521797,0.5174326465927099,0.5153195985208664,0.5145272054939249,0.5139473035957407,0.002844589550554759
44,15.145600366592408,0.02694158700494136,3.7746752738952636,0.012530064713999407,0.001,rbf,0.001,1e-09,0.1,"{'tol': 0.001, 'kernel': 'rbf', 'gamma': 0.001, 'epsilon': 1e-09, 'C': 0.1}",-5.765583902148583,-3.398414582079946,-6.805622696877041,-2.668743405980044,-4.689239439847328,-4.665520805386588,1.5088681625882674,18,-4.112130818560199,-4.688563135105287,-3.8585999216901192,-4.860031284810646,-4.373486430787268,-4.3785623181907045,0.3658648041855646,0.515311510031679,0.5343189017951425,0.5,0.5084566596194503,0.5116279069767442,0.5139429956846032,0.01137468266941617,7,0.9944517833553501,0.9931307793923382,0.9915478077126255,0.9915478077126255,0.9933967247754887,0.9928149805896854,0.0011250540143364636
45,0.0433159351348877,0.002377101598768533,0.0021160125732421877,0.0008460973516217418,10,rbf,1e-09,10,0.1,"{'tol': 10, 'kernel': 'rbf', 'gamma': 1e-09, 'epsilon': 10, 'C': 0.1}",-5.865133308488388,-4.2248698307912775,-8.696750149159978,-3.2444298432195966,-5.43451574131521,-5.49313977459489,1.8477088734093967,96,-4.503102394393245,-5.669670622859188,-6.099531410428982,-5.914269520759543,-5.367037281034648,-5.5107222458951215,0.5604916334962893,0.515311510031679,0.457233368532207,0.4978858350951374,0.4894291754756871,0.4788583509513742,0.487743648017217,0.01936758960628248,80,0.5136063408190225,0.4842800528401585,0.4741151611199155,0.4762282091917591,0.4788695192815637,0.48541985665048387,0.01449804460056814
46,14.841373729705811,0.17207123731284285,4.077397060394287,0.2182397806914123,1e-08,rbf,0.1,1e-10,0.001,"{'tol': 1e-08, 'kernel': 'rbf', 'gamma': 0.1, 'epsilon': 1e-10, 'C': 0.001}",-5.765550279377242,-3.39864405756202,-6.806195424846948,-2.6701884639635933,-4.689292715459742,-4.6659741882419095,1.5086049577596843,51,-4.385341544639263,-4.976918801256263,-4.12774746251186,-5.161501934306967,-4.655467394946992,-4.661395427532269,0.3770099616417644,0.515311510031679,0.5343189017951425,0.5,0.5084566596194503,0.5116279069767442,0.5139429956846032,0.01137468266941617,7,0.5136063408190225,0.5088507265521797,0.5174326465927099,0.5153195985208664,0.5145272054939249,0.5139473035957407,0.002844589550554759
47,14.500457859039306,0.2973755329857242,3.964623308181763,0.077609754287161,0.0001,rbf,1e-09,0.1,1e-06,"{'tol': 0.0001, 'kernel': 'rbf', 'gamma': 1e-09, 'epsilon': 0.1, 'C': 1e-06}",-5.765613214704735,-3.3979750457937463,-6.805455267846414,-2.668615455480113,-4.6893244274144035,-4.6653966822478825,1.5089329062087817,15,-4.388521452827393,-4.980380015925205,-4.130128647771076,-5.164283291262563,-4.658478010257195,-4.664358283608687,0.3771780977764758,0.515311510031679,0.5343189017951425,0.5,0.5084566596194503,0.5116279069767442,0.5139429956846032,0.01137468266941617,7,0.5136063408190225,0.5088507265521797,0.5174326465927099,0.5153195985208664,0.5145272054939249,0.5139473035957407,0.002844589550554759
48,15.369649171829224,0.0498115518004134,3.8346864700317385,0.025314163208762737,0.1,rbf,10,1e-06,0.01,"{'tol': 0.1, 'kernel': 'rbf', 'gamma': 10, 'epsilon': 1e-06, 'C': 0.01}",-5.765571870396686,-3.398122503508174,-6.804935650303259,-2.6670530167975746,-4.689106168653557,-4.66495784193185,1.5091676425522116,4,-4.359848227258262,-4.950251938552563,-4.101813226353795,-5.1326943240170735,-4.628636961305129,-4.634648935497365,0.3760638059117464,0.515311510031679,0.5343189017951425,0.5,0.5084566596194503,0.5116279069767442,0.5139429956846032,0.01137468266941617,7,0.5136063408190225,0.5088507265521797,0.5174326465927099,0.5153195985208664,0.5145272054939249,0.5139473035957407,0.002844589550554759
49,14.687360429763794,0.1483650544693925,3.886017322540283,0.18256829602901298,0.01,rbf,1,0.1,1e-09,"{'tol': 0.01, 'kernel': 'rbf', 'gamma': 1, 'epsilon': 0.1, 'C': 1e-09}",-5.7655917074174505,-3.397960351506479,-6.80555275790699,-2.6686662915954247,-4.689330320018881,-4.665420285689045,1.5089464565224409,17,-4.388433525092369,-4.980391902182703,-4.130183962535963,-5.164293916312527,-4.658490035096449,-4.6643586682440015,0.37718006281128685,0.515311510031679,0.5343189017951425,0.5,0.5084566596194503,0.5116279069767442,0.5139429956846032,0.01137468266941617,7,0.5136063408190225,0.5088507265521797,0.5174326465927099,0.5153195985208664,0.5145272054939249,0.5139473035957407,0.002844589550554759
50,0.10547666549682617,0.016622949102836387,0.008382368087768554,0.001880699301067555,1e-09,rbf,1e-10,10,1e-10,"{'tol': 1e-09, 'kernel': 'rbf', 'gamma': 1e-10, 'epsilon': 10, 'C': 1e-10}",-5.766590650176667,-3.420149696813814,-6.83039769777553,-2.6585038292060634,-4.735660535456668,-4.6822604818857485,1.5153634284182835,78,-4.3874847657415454,-4.98487986212595,-4.167671451031069,-5.192183100880998,-4.695026108295809,-4.685449057615075,0.37507500218115225,0.515311510031679,0.457233368532207,0.4978858350951374,0.4894291754756871,0.4788583509513742,0.487743648017217,0.01936758960628248,80,0.5136063408190225,0.4842800528401585,0.4741151611199155,0.4762282091917591,0.4788695192815637,0.48541985665048387,0.01449804460056814
51,16.31078157424927,0.06377200301475167,4.3329683303833,0.041050848447823224,0.001,rbf,1e-06,1e-07,1e-08,"{'tol': 0.001, 'kernel': 'rbf', 'gamma': 1e-06, 'epsilon': 1e-07, 'C': 1e-08}",-5.765548604847911,-3.398657474365849,-6.806195419174286,-2.6702103821139724,-4.689292715254308,-4.665980919151265,1.5085966585925819,55,-4.388186718990696,-4.979923210495041,-4.130560634179174,-5.164647079770277,-4.658412462328868,-4.664346021152811,0.3771249443684356,0.515311510031679,0.5343189017951425,0.5,0.5084566596194503,0.5116279069767442,0.5139429956846032,0.01137468266941617,7,0.5136063408190225,0.5088507265521797,0.5174326465927099,0.5153195985208664,0.5145272054939249,0.5139473035957407,0.002844589550554759
52,16.28639159202576,0.07182363923789399,4.037410020828247,0.015073911034879083,1e-05,rbf,1e-09,1e-07,10,"{'tol': 1e-05, 'kernel': 'rbf', 'gamma': 1e-09, 'epsilon': 1e-07, 'C': 10}",-5.763723984156861,-3.3918104604581276,-6.797856783280046,-2.661580971000756,-4.689343103505739,-4.660863060480305,1.509402456341296,2,-4.367697752473349,-4.9664625425481805,-4.114055291517141,-5.148149242309932,-4.637774003613991,-4.646827766492518,0.37824110237251973,0.5047518479408659,0.5374868004223865,0.5010570824524313,0.507399577167019,0.5200845665961945,0.5141559749157795,0.013305210382394886,6,0.5387054161162483,0.5339498018494055,0.5382989963021658,0.5327522451135763,0.531431590068674,0.535027609890014,0.002949526785403487
53,16.01482424736023,0.15152097583388974,4.115991926193237,0.1034339691745341,1e-09,rbf,1e-09,0.001,1e-10,"{'tol': 1e-09, 'kernel': 'rbf', 'gamma': 1e-09, 'epsilon': 0.001, 'C': 1e-10}",-5.765552848996098,-3.3986204943507814,-6.8061563333466735,-2.670169027159543,-4.689292715459741,-4.665958283862567,1.508603342451591,44,-4.3882213718454075,-4.979943857993315,-4.130537186818393,-5.1646369050002665,-4.658412481395074,-4.6643503606104915,0.37712726325413876,0.515311510031679,0.5343189017951425,0.5,0.5084566596194503,0.5116279069767442,0.5139429956846032,0.01137468266941617,7,0.5136063408190225,0.5088507265521797,0.5174326465927099,0.5153195985208664,0.5145272054939249,0.5139473035957407,0.002844589550554759
54,15.754640245437622,0.1282106416472647,4.232308197021484,0.02578572028491123,1e-09,rbf,10,0.01,0.0001,"{'tol': 1e-09, 'kernel': 'rbf', 'gamma': 10, 'epsilon': 0.01, 'C': 0.0001}",-5.765579988957492,-3.3986809223737273,-6.805955494342393,-2.6695701742516276,-4.6893564052222425,-4.665828597029496,1.5086988260289163,26,-4.388093735506356,-4.979609089834381,-4.130136313011554,-5.164179667515293,-4.658248147348071,-4.664053390643131,0.3770826355083604,0.515311510031679,0.5343189017951425,0.5,0.5084566596194503,0.5116279069767442,0.5139429956846032,0.01137468266941617,7,0.5136063408190225,0.5088507265521797,0.5174326465927099,0.5153195985208664,0.5145272054939249,0.5139473035957407,0.002844589550554759
55,16.548279762268066,0.1856219254306712,4.089889669418335,0.13081407646493637,1e-05,rbf,1e-10,1e-07,0.0001,"{'tol': 1e-05, 'kernel': 'rbf', 'gamma': 1e-10, 'epsilon': 1e-07, 'C': 0.0001}",-5.765549862113507,-3.398657467379937,-6.80619541612848,-2.670210369274962,-4.68929271531078,-4.665981166041534,1.5085968455754883,61,-4.388197566959977,-4.979923206037701,-4.1305606262515235,-5.164647070463898,-4.658412454291178,-4.664348184800856,0.37712335470425506,0.515311510031679,0.5343189017951425,0.5,0.5084566596194503,0.5116279069767442,0.5139429956846032,0.01137468266941617,7,0.5136063408190225,0.5088507265521797,0.5174326465927099,0.5153195985208664,0.5145272054939249,0.5139473035957407,0.002844589550554759
56,15.370649480819703,0.4175185794975329,3.6946019649505617,0.01883414311336496,1e-09,rbf,1e-08,0.1,0.001,"{'tol': 1e-09, 'kernel': 'rbf', 'gamma': 1e-08, 'epsilon': 0.1, 'C': 0.001}",-5.765610069456962,-3.3979639634515975,-6.8054442646642475,-2.6686136077853075,-4.689319846953417,-4.665390350462307,1.5089316626769305,14,-4.388492350770038,-4.980362473928528,-4.130104478562034,-5.164260932067105,-4.658440411439188,-4.664332129353379,0.3771804515438183,0.515311510031679,0.5343189017951425,0.5,0.5084566596194503,0.5116279069767442,0.5139429956846032,0.01137468266941617,7,0.5136063408190225,0.5088507265521797,0.5174326465927099,0.5153195985208664,0.5145272054939249,0.5139473035957407,0.002844589550554759
57,16.5850790977478,0.14535403674652142,3.985572338104248,0.02845388159723941,0.001,rbf,1e-05,0.01,10,"{'tol': 0.001, 'kernel': 'rbf', 'gamma': 1e-05, 'epsilon': 0.01, 'C': 10}",-5.927896592103888,-3.443164725949308,-6.83229200756302,-2.7731660147223036,-4.955507755886166,-4.786405419244938,1.5082889703422353,92,-0.01527838417788969,-0.10784915393015163,-0.09988913791645078,-0.10892222074825166,-0.09969085846555556,-0.08632595104765986,0.03573283423727794,0.5079197465681098,0.5142555438225976,0.4894291754756871,0.49682875264270615,0.5052854122621564,0.5027437261542514,0.00869525701793091,79,0.9931307793923382,0.9910171730515192,0.9902271526677232,0.9907554146856841,0.9915478077126255,0.991335665501978,0.0009934150543875534
58,14.94617280960083,0.06414946138816824,3.915948581695557,0.06010687401647584,0.1,rbf,1e-05,0.001,1e-06,"{'tol': 0.1, 'kernel': 'rbf', 'gamma': 1e-05, 'epsilon': 0.001, 'C': 1e-06}",-5.765571803614335,-3.3981828989186607,-6.804904770387139,-2.667053053220641,-4.689098324269786,-4.664962170082112,1.5091487012916078,9,-4.388336002847763,-4.980219023596498,-4.129824207275686,-5.163988108456879,-4.657963059977155,-4.664066080430796,0.37718786278270705,0.515311510031679,0.5343189017951425,0.5,0.5084566596194503,0.5116279069767442,0.5139429956846032,0.01137468266941617,7,0.5136063408190225,0.5088507265521797,0.5174326465927099,0.5153195985208664,0.5145272054939249,0.5139473035957407,0.002844589550554759
59,15.450195264816283,0.04122230661895661,4.038500881195068,0.027618892072356405,0.01,rbf,1e-07,0.001,1e-05,"{'tol': 0.01, 'kernel': 'rbf', 'gamma': 1e-07, 'epsilon': 0.001, 'C': 1e-05}",-5.765583787471381,-3.398618795611594,-6.806135799143168,-2.6701608927295664,-4.68934745643305,-4.665969346277752,1.5086046336144376,45,-4.388395588958642,-4.979942283021885,-4.130523186929795,-5.164632845845284,-4.658522099397624,-4.6644032008306455,0.3771040356585129,0.515311510031679,0.5343189017951425,0.5,0.5084566596194503,0.5116279069767442,0.5139429956846032,0.01137468266941617,7,0.5136063408190225,0.5088507265521797,0.5174326465927099,0.5153195985208664,0.5145272054939249,0.5139473035957407,0.002844589550554759
60,16.25317096710205,0.13049424346011568,4.316163015365601,0.0973170863187896,0.0001,rbf,1e-08,0.0001,0.001,"{'tol': 0.0001, 'kernel': 'rbf', 'gamma': 1e-08, 'epsilon': 0.0001, 'C': 0.001}",-5.765548036002671,-3.398644841563716,-6.806186741471053,-2.670189348641052,-4.689292569276544,-4.665972307391007,1.5086018007073836,48,-4.388164513237332,-4.979903555171012,-4.1305379954335075,-5.164620297946764,-4.658385476277659,-4.664322367613255,0.377124294691267,0.515311510031679,0.5343189017951425,0.5,0.5084566596194503,0.5116279069767442,0.5139429956846032,0.01137468266941617,7,0.5136063408190225,0.5088507265521797,0.5174326465927099,0.5153195985208664,0.5145272054939249,0.5139473035957407,0.002844589550554759
61,0.1195063591003418,0.019779516969909105,0.012408638000488281,0.004431452856217533,0.1,rbf,0.01,10,1e-07,"{'tol': 0.1, 'kernel': 'rbf', 'gamma': 0.01, 'epsilon': 10, 'C': 1e-07}",-5.766590653419737,-3.4201497123409257,-6.83039769777553,-2.6585038292060625,-4.735660535456664,-4.682260485639784,1.5153634262959708,82,-4.387484759193181,-4.98487985869419,-4.167671445969892,-5.192183089747606,-4.695026098314184,-4.68544905038381,0.3750750010117356,0.515311510031679,0.457233368532207,0.4978858350951374,0.4894291754756871,0.4788583509513742,0.487743648017217,0.01936758960628248,80,0.5136063408190225,0.4842800528401585,0.4741151611199155,0.4762282091917591,0.4788695192815637,0.48541985665048387,0.01449804460056814
62,0.997619915008545,0.10474948686361713,0.09207663536071778,0.013230564752761721,10,rbf,1e-06,1e-07,1e-07,"{'tol': 10, 'kernel': 'rbf', 'gamma': 1e-06, 'epsilon': 1e-07, 'C': 1e-07}",-6.20877613229765,-4.387822260152544,-7.51115953962427,-3.4630487447924523,-5.527242763126366,-5.419609887998656,1.4072430748271698,95,-4.798596689635796,-5.819046989854268,-4.884940383291263,-6.15846901152352,-5.457602722431869,-5.4237311593473425,0.5250428945601074,0.470960929250264,0.457233368532207,0.4978858350951374,0.4894291754756871,0.4788583509513742,0.4788735318609339,0.014168948202455659,91,0.4808454425363276,0.4842800528401585,0.4741151611199155,0.4762282091917591,0.4788695192815637,0.4788676769939449,0.0035428398114228554
63,16.670757150650026,0.24781031417012514,4.362048006057739,0.04402582026402683,1e-05,rbf,1e-09,1e-09,1e-10,"{'tol': 1e-05, 'kernel': 'rbf', 'gamma': 1e-09, 'epsilon': 1e-09, 'C': 1e-10}",-5.765549863771353,-3.3986574801240086,-6.806195424846861,-2.6702103905387475,-4.6892927154597395,-4.665981174948142,1.5085968405240504,68,-4.388197598682716,-4.979923225758762,-4.130560649018111,-5.164647097397775,-4.658412481395072,-4.664348210450487,0.37712335397494784,0.515311510031679,0.5343189017951425,0.5,0.5084566596194503,0.5116279069767442,0.5139429956846032,0.01137468266941617,7,0.5136063408190225,0.5088507265521797,0.5174326465927099,0.5153195985208664,0.5145272054939249,0.5139473035957407,0.002844589550554759
64,16.81731743812561,0.05382515654110107,4.1848992824554445,0.05027128280263727,1e-09,rbf,1,1e-05,1e-08,"{'tol': 1e-09, 'kernel': 'rbf', 'gamma': 1, 'epsilon': 1e-05, 'C': 1e-08}",-5.765549863771369,-3.398657480124136,-6.806195424846948,-2.67021039053896,-4.689292715459742,-4.6659811749482305,1.508596840524,70,-4.388197570077835,-4.979923195630314,-4.1305606208764765,-5.164647065990493,-4.6584124519344785,-4.66434818090192,0.37712335284797777,0.515311510031679,0.5343189017951425,0.5,0.5084566596194503,0.5116279069767442,0.5139429956846032,0.01137468266941617,7,0.5136063408190225,0.5088507265521797,0.5174326465927099,0.5153195985208664,0.5145272054939249,0.5139473035957407,0.002844589550554759
65,0.5899317741394043,0.059725674198953485,0.06362719535827636,0.011290362984899091,10,rbf,1,0.0001,1e-10,"{'tol': 10, 'kernel': 'rbf', 'gamma': 1, 'epsilon': 0.0001, 'C': 1e-10}",-5.779504204042506,-3.4555964939121173,-6.807403163044291,-2.6557905099038015,-4.771098196416293,-4.693878513463802,1.505900231360915,88,-4.39619139353554,-5.0062282899696395,-4.139606964374764,-5.1850617101280445,-4.727541009962328,-4.690925873594064,0.3836006935157463,0.470960929250264,0.457233368532207,0.4978858350951374,0.4894291754756871,0.4788583509513742,0.4788735318609339,0.014168948202455659,91,0.4808454425363276,0.4842800528401585,0.4741151611199155,0.4762282091917591,0.4788695192815637,0.4788676769939449,0.0035428398114228554
66,16.829250288009643,0.05992670055216401,4.257810592651367,0.0795873597308035,1e-08,rbf,1e-09,0.01,0.0001,"{'tol': 1e-08, 'kernel': 'rbf', 'gamma': 1e-09, 'epsilon': 0.01, 'C': 0.0001}",-5.765579984141437,-3.3986757252461524,-6.805955374447214,-2.669582716311963,-4.689356403650933,-4.665830040759539,1.5086963452795574,27,-4.38837948420036,-4.979912946267274,-4.1304174670831895,-5.164496430285036,-4.6585424635731645,-4.664349758281804,0.37709516771247115,0.515311510031679,0.5343189017951425,0.5,0.5084566596194503,0.5116279069767442,0.5139429956846032,0.01137468266941617,7,0.5136063408190225,0.5088507265521797,0.5174326465927099,0.5153195985208664,0.5145272054939249,0.5139473035957407,0.002844589550554759
67,15.94803500175476,0.04051550153919749,4.198960018157959,0.09023253939089937,0.1,rbf,10,1e-06,1e-06,"{'tol': 0.1, 'kernel': 'rbf', 'gamma': 10, 'epsilon': 1e-06, 'C': 1e-06}",-5.765571870396686,-3.398122503508174,-6.804935650303259,-2.6670530167975746,-4.689106168653557,-4.66495784193185,1.5091676425522116,4,-4.388336014837862,-4.980263121367662,-4.129840517728482,-5.163988116035442,-4.657983434215651,-4.66408224083702,0.37719056949398816,0.515311510031679,0.5343189017951425,0.5,0.5084566596194503,0.5116279069767442,0.5139429956846032,0.01137468266941617,7,0.5136063408190225,0.5088507265521797,0.5174326465927099,0.5153195985208664,0.5145272054939249,0.5139473035957407,0.002844589550554759
68,16.563115978240965,0.020546980163896948,4.062331056594848,0.030207361169876382,0.01,rbf,1e-10,0.001,1e-10,"{'tol': 0.01, 'kernel': 'rbf', 'gamma': 1e-10, 'epsilon': 0.001, 'C': 1e-10}",-5.765583928469668,-3.398619341584144,-6.806136819566101,-2.6701617768859984,-4.689347409116393,-4.665969855124461,1.508604617873725,46,-4.3883984425573,-4.979944507670472,-4.130525499819597,-5.164635122412699,-4.658524660403187,-4.664405646572651,0.3771039313308412,0.515311510031679,0.5343189017951425,0.5,0.5084566596194503,0.5116279069767442,0.5139429956846032,0.01137468266941617,7,0.5136063408190225,0.5088507265521797,0.5174326465927099,0.5153195985208664,0.5145272054939249,0.5139473035957407,0.002844589550554759
69,0.10432224273681641,0.016194197994435142,0.008206415176391601,0.0015379468891892542,0.1,rbf,1e-08,10,1e-06,"{'tol': 0.1, 'kernel': 'rbf', 'gamma': 1e-08, 'epsilon': 10, 'C': 1e-06}",-5.766590650813621,-3.4201496974671923,-6.830397698518302,-2.6585038293314827,-4.735660539155376,-4.6822604830571946,1.5153634286037574,81,-4.387484765710413,-4.984879862319053,-4.167671450613368,-5.192183100298052,-4.695026110889032,-4.685449057965984,0.375075002187983,0.515311510031679,0.457233368532207,0.4978858350951374,0.4894291754756871,0.4788583509513742,0.487743648017217,0.01936758960628248,80,0.5136063408190225,0.4842800528401585,0.4741151611199155,0.4762282091917591,0.4788695192815637,0.48541985665048387,0.01449804460056814
70,0.10116462707519532,0.016579357492386815,0.008674430847167968,0.0015712705767506477,0.0001,rbf,1,10,0.1,"{'tol': 0.0001, 'kernel': 'rbf', 'gamma': 1, 'epsilon': 10, 'C': 0.1}",-5.77233371853126,-3.427934648833658,-6.83039769777553,-2.657728071819644,-4.739569858398133,-4.685592799071645,1.515126844680571,87,-4.3834680871863325,-4.978436910366525,-4.162631403513902,-5.179172488355523,-4.688516682409202,-4.678445114366296,0.3725317833634277,0.470960929250264,0.457233368532207,0.4978858350951374,0.4894291754756871,0.4788583509513742,0.4788735318609339,0.014168948202455659,91,0.48243064729194185,0.48639365918097754,0.4741151611199155,0.4762282091917591,0.4788695192815637,0.4796074392132315,0.004385250855406621
71,16.00072259902954,0.33639940649812294,4.0869697570800785,0.07135851462125326,1e-06,rbf,1e-06,1e-06,1e-05,"{'tol': 1e-06, 'kernel': 'rbf', 'gamma': 1e-06, 'epsilon': 1e-06, 'C': 1e-05}",-5.76554885879275,-3.3986517230936735,-6.806189523447882,-2.6702019670498824,-4.689292511020215,-4.66597691668088,1.5085982149571127,53,-4.388177836330513,-4.979907962798786,-4.130545785036716,-5.164629470805458,-4.658393416111205,-4.664330894216536,0.3771232848181169,0.515311510031679,0.5343189017951425,0.5,0.5084566596194503,0.5116279069767442,0.5139429956846032,0.01137468266941617,7,0.5136063408190225,0.5088507265521797,0.5174326465927099,0.5153195985208664,0.5145272054939249,0.5139473035957407,0.002844589550554759
72,15.711601066589356,0.087457952431503,4.201076459884644,0.11975975337572875,1e-05,rbf,0.001,1e-10,0.001,"{'tol': 1e-05, 'kernel': 'rbf', 'gamma': 0.001, 'epsilon': 1e-10, 'C': 0.001}",-5.765550279377242,-3.39864405756202,-6.806195424846948,-2.6701884639635933,-4.689292715459742,-4.6659741882419095,1.5086049577596843,51,-4.385341544639274,-4.976918801256263,-4.12774746251186,-5.161501934306978,-4.655467394946992,-4.661395427532273,0.37700996164176565,0.515311510031679,0.5343189017951425,0.5,0.5084566596194503,0.5116279069767442,0.5139429956846032,0.01137468266941617,7,0.5136063408190225,0.5088507265521797,0.5174326465927099,0.5153195985208664,0.5145272054939249,0.5139473035957407,0.002844589550554759
73,15.92227931022644,0.10920028662513923,4.085005187988282,0.0875623919147463,0.001,rbf,10,0.001,1e-07,"{'tol': 0.001, 'kernel': 'rbf', 'gamma': 10, 'epsilon': 0.001, 'C': 1e-07}",-5.765554574087586,-3.3986204943509226,-6.806152157655305,-2.6701690271593588,-4.689292715459742,-4.665957793742583,1.5086024091515668,40,-4.38823381209103,-4.979943556707176,-4.130534403134858,-5.164636590925177,-4.658412186786789,-4.6643521099290055,0.37712609678461306,0.515311510031679,0.5343189017951425,0.5,0.5084566596194503,0.5116279069767442,0.5139429956846032,0.01137468266941617,7,0.5136063408190225,0.5088507265521797,0.5174326465927099,0.5153195985208664,0.5145272054939249,0.5139473035957407,0.002844589550554759
74,0.10879039764404297,0.0181621736267821,0.008803987503051757,0.001797378643178427,1e-07,rbf,0.0001,10,1e-06,"{'tol': 1e-07, 'kernel': 'rbf', 'gamma': 0.0001, 'epsilon': 10, 'C': 1e-06}",-5.7665906826076,-3.4201498520851605,-6.830397697775466,-2.6585038292060337,-4.735660535456664,-4.682260519426185,1.5153634071951407,85,-4.387484700258129,-4.98487982780858,-4.167671400419285,-5.192182978957181,-4.695025997893908,-4.685448981067417,0.3750749875714981,0.515311510031679,0.457233368532207,0.4978858350951374,0.4894291754756871,0.4788583509513742,0.487743648017217,0.01936758960628248,80,0.5136063408190225,0.4842800528401585,0.4741151611199155,0.4762282091917591,0.4788695192815637,0.48541985665048387,0.01449804460056814
75,16.06620855331421,0.20203479636615526,4.071942090988159,0.1120016348433786,0.01,rbf,1e-10,1e-08,1e-06,"{'tol': 0.01, 'kernel': 'rbf', 'gamma': 1e-10, 'epsilon': 1e-08, 'C': 1e-06}",-5.765559600336873,-3.398548720082105,-6.80613681946016,-2.670161776793078,-4.689327304161118,-4.665946844166667,1.5086128747874994,36,-4.388268107422201,-4.979985087267428,-4.130525499576931,-5.164635122176752,-4.658483889030597,-4.664379541094782,0.3771299318117104,0.515311510031679,0.5343189017951425,0.5,0.5084566596194503,0.5116279069767442,0.5139429956846032,0.01137468266941617,7,0.5136063408190225,0.5088507265521797,0.5174326465927099,0.5153195985208664,0.5145272054939249,0.5139473035957407,0.002844589550554759
76,16.237898778915405,0.11964942365250114,4.337071466445923,0.0959100799665139,0.01,rbf,0.001,1e-10,1e-07,"{'tol': 0.01, 'kernel': 'rbf', 'gamma': 0.001, 'epsilon': 1e-10, 'C': 1e-07}",-5.765561904662461,-3.3985976284838126,-6.806136819566111,-2.6701617768860073,-4.6893286479621175,-4.665957355512102,1.5086049973096434,38,-4.388282223048196,-4.979956519037042,-4.130525218402279,-5.164634808339264,-4.658486335905293,-4.664377020946415,0.37712307225590347,0.515311510031679,0.5343189017951425,0.5,0.5084566596194503,0.5116279069767442,0.5139429956846032,0.01137468266941617,7,0.5136063408190225,0.5088507265521797,0.5174326465927099,0.5153195985208664,0.5145272054939249,0.5139473035957407,0.002844589550554759
77,16.967561197280883,0.3790353719569611,4.397985792160034,0.14138602729440444,1e-08,rbf,1e-09,0.01,1,"{'tol': 1e-08, 'kernel': 'rbf', 'gamma': 1e-09, 'epsilon': 0.01, 'C': 1}",-5.765345176654294,-3.397657859656771,-6.804550095280142,-2.6681253546099146,-4.689131247509699,-4.664961946742165,1.5088194642141446,8,-4.385107228686775,-4.977990873871031,-4.127872725838243,-5.162181640302003,-4.655536826409768,-4.661737859021565,0.3773684900723327,0.515311510031679,0.5343189017951425,0.5,0.5084566596194503,0.5116279069767442,0.5139429956846032,0.01137468266941617,7,0.5136063408190225,0.5088507265521797,0.5174326465927099,0.5153195985208664,0.5145272054939249,0.5139473035957407,0.002844589550554759
78,17.106430101394654,0.3877007934215342,4.117425155639649,0.06535464714493014,0.01,rbf,1e-08,0.0001,0.1,"{'tol': 0.01, 'kernel': 'rbf', 'gamma': 1e-08, 'epsilon': 0.0001, 'C': 0.1}",-5.765361282404954,-3.397489218001639,-6.805275831920764,-2.6690226151260137,-4.689133680687996,-4.665256525628274,1.5088185442555408,11,-4.385003817881683,-4.978094288952874,-4.128244511096086,-5.162412352653184,-4.655544624483812,-4.661859919013528,0.37735699352187413,0.515311510031679,0.5343189017951425,0.5,0.5084566596194503,0.5116279069767442,0.5139429956846032,0.01137468266941617,7,0.5136063408190225,0.5088507265521797,0.5174326465927099,0.5153195985208664,0.5145272054939249,0.5139473035957407,0.002844589550554759
79,16.24852285385132,0.07544989260825075,4.201694488525391,0.022602097747692125,1e-06,rbf,0.001,1e-06,0.1,"{'tol': 1e-06, 'kernel': 'rbf', 'gamma': 0.001, 'epsilon': 1e-06, 'C': 0.1}",-5.765583909893831,-3.3984144585118545,-6.805622375155464,-2.6687437931953784,-4.689239550936681,-4.665520817538641,1.5088679910728622,19,-4.112130850995889,-4.688563208651221,-3.8585997341315625,-4.860031362942123,-4.373486668467116,-4.378562365037583,0.36586488514021237,0.515311510031679,0.5343189017951425,0.5,0.5084566596194503,0.5116279069767442,0.5139429956846032,0.01137468266941617,7,0.9944517833553501,0.9931307793923382,0.9915478077126255,0.9915478077126255,0.9933967247754887,0.9928149805896854,0.0011250540143364636
80,16.256574296951293,0.056668231334742025,4.082556962966919,0.1665038332121718,1e-08,rbf,0.001,0.001,1e-06,"{'tol': 1e-08, 'kernel': 'rbf', 'gamma': 0.001, 'epsilon': 0.001, 'C': 1e-06}",-5.7655528527310755,-3.3986204943509226,-6.806156265610321,-2.6701690271593588,-4.689292715459742,-4.6659582710622844,1.5086033237770922,41,-4.388218539594141,-4.97994084512996,-4.130534332036856,-5.164633764248751,-4.658409535310712,-4.664347403264084,0.37712715791270235,0.515311510031679,0.5343189017951425,0.5,0.5084566596194503,0.5116279069767442,0.5139429956846032,0.01137468266941617,7,0.5136063408190225,0.5088507265521797,0.5174326465927099,0.5153195985208664,0.5145272054939249,0.5139473035957407,0.002844589550554759
81,15.502049732208253,0.20554625443305224,3.877125644683838,0.056086203069246436,1e-10,rbf,1,1e-05,1e-09,"{'tol': 1e-10, 'kernel': 'rbf', 'gamma': 1, 'epsilon': 1e-05, 'C': 1e-09}",-5.765549863771369,-3.398657480124136,-6.806195424846948,-2.67021039053896,-4.689292715459742,-4.6659811749482305,1.508596840524,70,-4.388197595822513,-4.979923222746096,-4.130560646204153,-5.164647094257289,-4.6584124784492555,-4.664348207495861,0.3771233538622442,0.515311510031679,0.5343189017951425,0.5,0.5084566596194503,0.5116279069767442,0.5139429956846032,0.01137468266941617,7,0.5136063408190225,0.5088507265521797,0.5174326465927099,0.5153195985208664,0.5145272054939249,0.5139473035957407,0.002844589550554759
82,1.0646620273590088,0.1280431762872654,0.10739679336547851,0.015522053486424214,10,rbf,1e-10,1e-08,1e-09,"{'tol': 10, 'kernel': 'rbf', 'gamma': 1e-10, 'epsilon': 1e-08, 'C': 1e-09}",-6.3839361540928,-4.6562574169827196,-8.117238602729488,-3.585834912186952,-5.845987831002154,-5.717850983398823,1.5420520667144273,100,-4.967838624389999,-6.0673577676262305,-5.507555781419179,-6.29410619162596,-5.769709571109635,-5.721313587234201,0.4612151413091901,0.470960929250264,0.457233368532207,0.4978858350951374,0.4894291754756871,0.4788583509513742,0.4788735318609339,0.014168948202455659,91,0.4808454425363276,0.4842800528401585,0.4741151611199155,0.4762282091917591,0.4788695192815637,0.4788676769939449,0.0035428398114228554
83,15.80435299873352,0.1607957166870058,4.29815182685852,0.028137101932452696,0.001,rbf,0.01,0.0001,1e-09,"{'tol': 0.001, 'kernel': 'rbf', 'gamma': 0.01, 'epsilon': 0.0001, 'C': 1e-09}",-5.765549245484993,-3.398657480124136,-6.806195424846948,-2.67021039053896,-4.689292715459742,-4.665981051290956,1.508596750394127,56,-4.3881923300771355,-4.979923222746096,-4.130560646204153,-5.1646470942572895,-4.6584124784492555,-4.664347154346785,0.3771241250414336,0.515311510031679,0.5343189017951425,0.5,0.5084566596194503,0.5116279069767442,0.5139429956846032,0.01137468266941617,7,0.5136063408190225,0.5088507265521797,0.5174326465927099,0.5153195985208664,0.5145272054939249,0.5139473035957407,0.002844589550554759
84,0.10254311561584473,0.01928575485845036,0.008894252777099609,0.001315830366012837,1e-08,rbf,1e-09,10,0.01,"{'tol': 1e-08, 'kernel': 'rbf', 'gamma': 1e-09, 'epsilon': 10, 'C': 0.01}",-5.76659129117166,-3.4201503512272033,-6.830398445036761,-2.658504552485848,-4.735663889767686,-4.682261705937831,1.5153634534563196,86,-4.38748473683267,-4.9848800568049,-4.16767103156992,-5.192184084375784,-4.6950280338417585,-4.685449588685006,0.37507542924608406,0.515311510031679,0.457233368532207,0.4978858350951374,0.4894291754756871,0.4788583509513742,0.487743648017217,0.01936758960628248,80,0.5136063408190225,0.4842800528401585,0.4741151611199155,0.4762282091917591,0.4788695192815637,0.48541985665048387,0.01449804460056814
85,16.84836835861206,0.09293795205535073,4.157953977584839,0.12479947845652921,1e-08,rbf,0.0001,1e-10,1e-07,"{'tol': 1e-08, 'kernel': 'rbf', 'gamma': 0.0001, 'epsilon': 1e-10, 'C': 1e-07}",-5.7655498637713904,-3.398657480124136,-6.806195424846975,-2.670210390538959,-4.6892927154577935,-4.66598117494785,1.5085968405240051,67,-4.388197312631064,-4.979922924472482,-4.130560367599982,-5.164646783322527,-4.6584121867827735,-4.664347914961765,0.37712334270524284,0.515311510031679,0.5343189017951425,0.5,0.5084566596194503,0.5116279069767442,0.5139429956846032,0.01137468266941617,7,0.5136063408190225,0.5088507265521797,0.5174326465927099,0.5153195985208664,0.5145272054939249,0.5139473035957407,0.002844589550554759
86,8.306368637084962,0.18884769772355428,1.9448488712310792,0.08753377044088544,1e-06,rbf,0.1,1,1e-07,"{'tol': 1e-06, 'kernel': 'rbf', 'gamma': 0.1, 'epsilon': 1, 'C': 1e-07}",-5.765910983187934,-3.4003113621372747,-6.803533950644239,-2.669737802974409,-4.688978505383558,-4.665694520865483,1.5077409322230797,24,-4.3874496161825505,-4.979322314019144,-4.1291846188355965,-5.164532695491742,-4.6575963271050265,-4.6636171143268115,0.3774941116662811,0.515311510031679,0.5343189017951425,0.5,0.5084566596194503,0.5116279069767442,0.5139429956846032,0.01137468266941617,7,0.5136063408190225,0.5088507265521797,0.5174326465927099,0.5153195985208664,0.5145272054939249,0.5139473035957407,0.002844589550554759
87,15.901610708236694,0.23085762188172582,4.271100902557373,0.06285032634260466,0.001,rbf,0.01,1e-08,1e-10,"{'tol': 0.001, 'kernel': 'rbf', 'gamma': 0.01, 'epsilon': 1e-08, 'C': 1e-10}",-5.765549245484993,-3.398657480124136,-6.806195424846948,-2.67021039053896,-4.689292715459742,-4.665981051290956,1.508596750394127,56,-4.388192332651603,-4.979923225457672,-4.13056064873692,-5.164647097083969,-4.658412481100734,-4.664347157006179,0.3771241251428602,0.515311510031679,0.5343189017951425,0.5,0.5084566596194503,0.5116279069767442,0.5139429956846032,0.01137468266941617,7,0.5136063408190225,0.5088507265521797,0.5174326465927099,0.5153195985208664,0.5145272054939249,0.5139473035957407,0.002844589550554759
88,16.560209369659425,0.033574871883048314,4.083695030212402,0.0699584801839115,0.0001,rbf,1e-09,1e-09,0.01,"{'tol': 0.0001, 'kernel': 'rbf', 'gamma': 1e-09, 'epsilon': 1e-09, 'C': 0.01}",-5.765548207610132,-3.3986447463676726,-6.806186717257985,-2.670189175301546,-4.689292568462168,-4.665972282999901,1.5086018807083301,47,-4.388165882657451,-4.979903513261671,-4.130537897868194,-5.164620185812732,-4.658385387128381,-4.664322573345685,0.3771240852677405,0.515311510031679,0.5343189017951425,0.5,0.5084566596194503,0.5116279069767442,0.5139429956846032,0.01137468266941617,7,0.5136063408190225,0.5088507265521797,0.5174326465927099,0.5153195985208664,0.5145272054939249,0.5139473035957407,0.002844589550554759
89,15.980752754211426,0.2066091554137178,3.9860065460205076,0.031948414418860954,0.0001,rbf,10,1e-07,0.001,"{'tol': 0.0001, 'kernel': 'rbf', 'gamma': 10, 'epsilon': 1e-07, 'C': 0.001}",-5.765550279781625,-3.3986440473673842,-6.806195424846948,-2.6701884587873708,-4.689292715459742,-4.665974185248614,1.5086049609010301,50,-4.385341547985126,-4.9769188069277055,-4.12774746251186,-5.161501933033161,-4.655467394946992,-4.661395429080969,0.37700996176313817,0.515311510031679,0.5343189017951425,0.5,0.5084566596194503,0.5116279069767442,0.5139429956846032,0.01137468266941617,7,0.5136063408190225,0.5088507265521797,0.5174326465927099,0.5153195985208664,0.5145272054939249,0.5139473035957407,0.002844589550554759
90,15.968121767044067,0.48487612887580894,4.244762372970581,0.11765853014349378,1e-10,rbf,10,1e-06,1e-07,"{'tol': 1e-10, 'kernel': 'rbf', 'gamma': 10, 'epsilon': 1e-06, 'C': 1e-07}",-5.765549863771369,-3.398657480124136,-6.806195424846948,-2.67021039053896,-4.689292715459742,-4.6659811749482305,1.508596840524,70,-4.388197312631064,-4.979922924472515,-4.130560367599721,-5.164646783322531,-4.6584121867867125,-4.664347914962509,0.37712334270531056,0.515311510031679,0.5343189017951425,0.5,0.5084566596194503,0.5116279069767442,0.5139429956846032,0.01137468266941617,7,0.5136063408190225,0.5088507265521797,0.5174326465927099,0.5153195985208664,0.5145272054939249,0.5139473035957407,0.002844589550554759
91,16.00753993988037,0.03435144634890932,3.7987005710601807,0.023879819199815935,0.1,rbf,0.01,1e-10,1e-08,"{'tol': 0.1, 'kernel': 'rbf', 'gamma': 0.01, 'epsilon': 1e-10, 'C': 1e-08}",-5.765571870396686,-3.398122503508174,-6.804935650303259,-2.6670530167975746,-4.689106168653557,-4.66495784193185,1.5091676425522116,4,-4.388338844983932,-4.980266102339711,-4.129843302320179,-5.163991224043043,-4.657986349424609,-4.664085164622295,0.37719068106155434,0.515311510031679,0.5343189017951425,0.5,0.5084566596194503,0.5116279069767442,0.5139429956846032,0.01137468266941617,7,0.5136063408190225,0.5088507265521797,0.5174326465927099,0.5153195985208664,0.5145272054939249,0.5139473035957407,0.002844589550554759
92,16.115389490127562,0.16312606808124833,3.9576627731323244,0.02994169903203064,1e-06,rbf,10,0.0001,1e-07,"{'tol': 1e-06, 'kernel': 'rbf', 'gamma': 10, 'epsilon': 0.0001, 'C': 1e-07}",-5.765549863771369,-3.398657480124136,-6.806195424846948,-2.67021039053896,-4.689292715459742,-4.6659811749482305,1.508596840524,70,-4.388197312631064,-4.979922924472515,-4.130560367599721,-5.164646783322531,-4.6584121867867125,-4.664347914962509,0.37712334270531056,0.515311510031679,0.5343189017951425,0.5,0.5084566596194503,0.5116279069767442,0.5139429956846032,0.01137468266941617,7,0.5136063408190225,0.5088507265521797,0.5174326465927099,0.5153195985208664,0.5145272054939249,0.5139473035957407,0.002844589550554759
93,16.29319849014282,0.41116096115686623,4.075528526306153,0.11157050941330533,0.001,rbf,1e-07,1e-07,10,"{'tol': 0.001, 'kernel': 'rbf', 'gamma': 1e-07, 'epsilon': 1e-07, 'C': 10}",-5.7571001694979165,-3.3934032200620035,-6.7951407234662415,-2.687914953359683,-4.702373282204429,-4.667186469718055,1.5004918389220037,76,-4.240117397531156,-4.852309411215252,-4.011097082489221,-5.019906370709194,-4.508557455569516,-4.526397543502868,0.37351804879611084,0.5227032734952481,0.542766631467793,0.5137420718816068,0.5105708245243129,0.5221987315010571,0.5223963065740036,0.011223379212138975,2,0.6150594451783356,0.6010568031704095,0.601162176439514,0.589012150026413,0.6075013206550449,0.6027583790939434,0.008581535510375528
94,8.375887203216553,0.22501897991577507,2.038197088241577,0.11611400410171659,1e-06,rbf,1e-07,1,1e-06,"{'tol': 1e-06, 'kernel': 'rbf', 'gamma': 1e-07, 'epsilon': 1, 'C': 1e-06}",-5.765910952624745,-3.4003112432843854,-6.803533848731466,-2.6697377584244735,-4.688978502260749,-4.665694461065164,1.5077409305970995,23,-4.387449619699652,-4.979322405486324,-4.129184672375348,-5.164532797586568,-4.657596337682591,-4.663617166566096,0.37749413835235485,0.515311510031679,0.5343189017951425,0.5,0.5084566596194503,0.5116279069767442,0.5139429956846032,0.01137468266941617,7,0.5136063408190225,0.5088507265521797,0.5174326465927099,0.5153195985208664,0.5145272054939249,0.5139473035957407,0.002844589550554759
95,0.5926331520080567,0.06727689227244525,0.06246500015258789,0.010270241018570032,10,rbf,0.01,0.0001,0.001,"{'tol': 10, 'kernel': 'rbf', 'gamma': 0.01, 'epsilon': 0.0001, 'C': 0.001}",-5.779504204042506,-3.4555964939121173,-6.807403163044291,-2.6557905099038015,-4.771098196416293,-4.693878513463802,1.505900231360915,88,-4.395747279303653,-5.005672472088369,-4.139229913637246,-5.184512557081168,-4.7270640347240285,-4.690445251366893,0.3835353652117886,0.470960929250264,0.457233368532207,0.4978858350951374,0.4894291754756871,0.4788583509513742,0.4788735318609339,0.014168948202455659,91,0.4808454425363276,0.4842800528401585,0.4741151611199155,0.4762282091917591,0.4788695192815637,0.4788676769939449,0.0035428398114228554
96,8.143648242950439,0.1444160388712074,1.9489142417907714,0.06622370334156137,1e-09,rbf,1e-10,1,0.01,"{'tol': 1e-09, 'kernel': 'rbf', 'gamma': 1e-10, 'epsilon': 1, 'C': 0.01}",-5.765910692287235,-3.4003100571504206,-6.8035329064273204,-2.6697372114066145,-4.688978466889313,-4.66569386683218,1.5077409691968726,21,-4.387447364964751,-4.979320878411197,-4.129182952981384,-5.164531206926497,-4.657594073582564,-4.663615295373279,0.3774942847516961,0.515311510031679,0.5343189017951425,0.5,0.5084566596194503,0.5116279069767442,0.5139429956846032,0.01137468266941617,7,0.5136063408190225,0.5088507265521797,0.5174326465927099,0.5153195985208664,0.5145272054939249,0.5139473035957407,0.002844589550554759
97,23.39250245094299,1.6733171629571955,3.1789880752563477,0.27085148802376074,1e-10,rbf,1e-06,1e-07,10,"{'tol': 1e-10, 'kernel': 'rbf', 'gamma': 1e-06, 'epsilon': 1e-07, 'C': 10}",-5.830292906383782,-3.8581092097125973,-7.217239344955154,-3.101456878322464,-5.023986109706326,-5.006216889816065,1.4501240822691404,94,-2.8319863670268015,-3.6070352301499997,-2.9877781599856643,-3.6504232239989443,-3.120083897657521,-3.239461375763786,0.3309475744772361,0.5279831045406547,0.5258711721224921,0.5095137420718816,0.5190274841437632,0.5063424947145877,0.5177475995186759,0.008605450872607742,4,0.8499339498018494,0.8103038309114927,0.8164289487585843,0.8159006867406233,0.8502377179080824,0.8285610268241264,0.01770580416005775
98,15.437678623199464,0.3595247434896792,3.311570072174072,0.0468571597823731,0.0001,rbf,1e-10,1e-05,1e-09,"{'tol': 0.0001, 'kernel': 'rbf', 'gamma': 1e-10, 'epsilon': 1e-05, 'C': 1e-09}",-5.765549863771352,-3.3986574801240086,-6.806195424846861,-2.6702103905387475,-4.68929271545974,-4.665981174948142,1.5085968405240504,68,-4.388197598682716,-4.979923225758762,-4.130560649018111,-5.164647097397775,-4.658412481395072,-4.664348210450487,0.37712335397494784,0.515311510031679,0.5343189017951425,0.5,0.5084566596194503,0.5116279069767442,0.5139429956846032,0.01137468266941617,7,0.5136063408190225,0.5088507265521797,0.5174326465927099,0.5153195985208664,0.5145272054939249,0.5139473035957407,0.002844589550554759
99,7.583117914199829,0.5542599583049685,1.6065656661987304,0.07939386971020418,1e-05,rbf,1e-08,1,0.0001,"{'tol': 1e-05, 'kernel': 'rbf', 'gamma': 1e-08, 'epsilon': 1, 'C': 0.0001}",-5.765910692136407,-3.400310070024474,-6.803532913773485,-2.669737214762527,-4.6889784676631034,-4.665693871672,1.5077409682110425,22,-4.387447376865746,-4.979320881968402,-4.129182962591297,-5.164531211870037,-4.657594085086098,-4.663615303676316,0.3774942821596256,0.515311510031679,0.5343189017951425,0.5,0.5084566596194503,0.5116279069767442,0.5139429956846032,0.01137468266941617,7,0.5136063408190225,0.5088507265521797,0.5174326465927099,0.5153195985208664,0.5145272054939249,0.5139473035957407,0.002844589550554759
